mk_individual_id,PersonID,mk_individual_name,mk_individual_first_name,LastName,FirstName,IsCurrent,altnames
1132,48,מלר-הורוביץ,ירדנה,מלר-הורוביץ,ירדנה,False,"[""ירדנה מלר-הורוביץ""]"
1133,122,פורדס,גיורא,פורדס,גיורא,False,"[""גיורא פורדס""]"
1134,128,לב,דוד,לב,דוד,False,"[""דוד לב""]"
1135,134,ימין,אלינור,ימין,אלינור,True,"[""אלינור ימין""]"
1136,136,קפלן,רות,קפלן,רות,False,"[""רות קפלן""]"
1137,150,"שד""ר",יצחק,"שד""ר",יצחק,False,"[""יצחק שד\""ר""]"
1138,230,אפיק,שגית,אפיק,שגית,True,"[""שגית אפיק""]"
1139,326,גריף,יוסי,גריף,יוסי,False,"[""יוסי גריף""]"
1140,354,אלשטיין,נורית,אלשטיין,נורית,False,"[""נורית אלשטיין""]"
1141,365,בדר,נאזם,בדר,נאזם,False,"[""נאזם בדר""]"
12,405,אלון,בנימין,אלון,בנימין,False,"[""בנימין אלון""]"
46,412,הנדל,צבי,הנדל,צבי,False,"[""צבי הנדל""]"
51,417,זאבי,רחבעם,זאבי,רחבעם,False,"[""רחבעם זאבי""]"
209,421,כהן,אליעזר,כהן,אליעזר,False,"[""אליעזר כהן""]"
214,427,ליברמן,אביגדור,ליברמן,אביגדור,True,"[""אביגדור ליברמן""]"
121,430,שטרן,יורי,שטרן,יורי,False,"[""יורי שטרן""]"
704,431,אביטל,קולט,אביטל,קולט,False,"[""קולט אביטל""]"
6,432,אושעיה,אפי,אושעיה,אפי,False,"[""אפי אושעיה""]"
8,433,איציק,דליה,איציק,דליה,False,"[""דליה איציק""]"
137,434,בורג,אברהם,בורג,אברהם,False,"[""אברהם בורג""]"
20,435,בן-אליעזר,בנימין,בן-אליעזר,בנימין,False,"[""בנימין בן-אליעזר""]"
22,437,בן-מנחם,אלי,בן-מנחם,אלי,False,"[""אלי בן-מנחם""]"
23,439,בן-עמי,שלמה,בן-עמי,שלמה,False,"[""שלמה בן-עמי""]"
39,441,דיין,יעל,דיין,יעל,False,"[""יעל דיין""]"
59,442,טריף,סאלח,טריף,סאלח,False,"[""סאלח טריף""]"
62,444,יחזקאל,אברהם,יחזקאל,אברהם,False,"[""אברהם יחזקאל""]"
64,445,כבל,איתן,כבל,איתן,False,"[""איתן כבל"", ""כבל איתן""]"
67,446,כהן,רענן,כהן,רענן,False,"[""רענן כהן""]"
68,447,כץ,יוסי,כץ,יוסי,False,"[""יוסי כץ""]"
78,448,לנדבר,סופה,לנדבר,סופה,False,"[""סופיה לנדוור"", ""סופיה לנדבר"", ""(סוניה) סופיה לנדבר"", ""סופה לנדבר"", ""סוניה לנדבר""]"
220,449,מלכיאור,מיכאל,מלכיאור,מיכאל,False,"[""מיכאל מלכיאור""]"
85,453,מסאלחה,נואף,מסאלחה,נואף,False,"[""נואף מסאלחה""]"
94,454,סנה,אפרים,סנה,אפרים,False,"[""אפרים סנה""]"
100,455,פינס-פז,אופיר,פינס-פז,אופיר,False,"[""אופיר פינס-פז""]"
104,456,פרס,שמעון,פרס,שמעון,False,"[""שמעון פרס""]"
115,458,רמון,חיים,רמון,חיים,False,"[""חיים רמון""]"
117,459,שוחט,אברהם-בייגה,שוחט,אברהם-בייגה,False,"[""אברהם-בייגה שוחט""]"
205,460,שירי,ויצמן,שירי,ויצמן,False,"[""ויצמן שירי""]"
123,461,שמחון,שלום,שמחון,שלום,False,"[""שלום שמחון""]"
9,462,איתן,מיכאל,איתן,מיכאל,False,"[""מיכאל איתן""]"
278,463,ארנס,משה,ארנס,משה,False,"[""משה ארנס""]"
16,464,בוים,זאב,בוים,זאב,False,"[""זאב בוים""]"
19,465,בלומנטל,נעמי,בלומנטל,נעמי,False,"[""נעמי בלומנטל""]"
42,466,הירשזון,אברהם,הירשזון,אברהם,False,"[""אברהם הירשזון""]"
45,467,הנגבי,צחי,הנגבי,צחי,False,"[""צחי הנגבי""]"
69,468,כץ,ישראל,כץ,ישראל,True,"[""ישראל כץ""]"
213,469,לבני,ציפי,לבני,ציפי,False,"[""ציפורה ליבני"", ""ציפי לבני"", ""ציפי ליבני"", ""ציפורה לבני"", ""מלכה ציפורה ציפי לבני""]"
70,470,לבנת,לימור,לבנת,לימור,False,"[""לימור לבנת""]"
77,471,לנדאו,עוזי,לנדאו,עוזי,False,"[""עוזי לנדאו""]"
86,472,מצא,יהושע,מצא,יהושע,False,"[""יהושע מצא""]"
223,473,נוה,דני,נוה,דני,False,"[""דני נוה""]"
96,474,עזרא,גדעון,עזרא,גדעון,False,"[""גדעון עזרא""]"
1142,475,קרא,איוב,קרא,איוב,False,"[""איוב קרא""]"
114,476,ריבלין,ראובן,ריבלין,ראובן,False,"[""ראובן ריבלין""]"
695,477,שטייניץ,יובל,שטייניץ,יובל,False,"[""יובל שטייניץ"", ""יובל שטיניץ""]"
119,478,שטרית,מאיר,שטרית,מאיר,False,"[""מאיר שטרית""]"
1143,479,שלום,סילבן,שלום,סילבן,False,"[""סילבן שלום""]"
125,482,שרון,אריאל,שרון,אריאל,False,"[""אריאל שרון""]"
7,483,אזולאי,דוד,אזולאי,דוד,False,"[""דויד אזולי"", ""דויד אזולאי"", ""דוד אזולי"", ""דוד אזולאי""]"
25,484,בניזרי,שלמה,בניזרי,שלמה,False,"[""שלמה בניזרי""]"
198,485,גאגולה,יצחק,גאגולה,יצחק,False,"[""יצחק גאגולה""]"
34,486,גמליאל,אריה,גמליאל,אריה,False,"[""אריה גמליאל""]"
37,487,דהן,נסים,דהן,נסים,False,"[""נסים דהן""]"
50,488,וקנין,יצחק,וקנין,יצחק,False,"[""יצחק וקנין""]"
206,490,זאב,נסים,זאב,נסים,False,"[""נסים זאב""]"
207,492,חוגי,עופר,חוגי,עופר,False,"[""עופר חוגי""]"
58,493,טל,דוד,טל,דוד,False,"[""דוד טל""]"
63,494,ישי,אליהו,ישי,אליהו,False,"[""אליהו ישי""]"
210,495,כהן,אמנון,כהן,אמנון,False,"[""אמנון כהן""]"
222,498,נהרי,משולם,נהרי,משולם,False,"[""משולם נהרי""]"
225,499,סבן,יצחק,סבן,יצחק,False,"[""יצחק סבן""]"
226,500,סויסה,אליהו,סויסה,אליהו,False,"[""אליהו סויסה""]"
228,501,פרץ,יאיר,פרץ,יאיר,False,"[""יאיר פרץ""]"
200,503,גילאון,אילן,גילאון,אילן,False,"[""אילן גילאון"", ""אילן גלאון""]"
201,504,גלאון,זהבה,גלאון,זהבה,False,"[""זהבה גלאון"", ""גלאון זהבה""]"
203,505,וילן,אבשלום,וילן,אבשלום,False,"[""אבשלום וילן""]"
56,506,חזן,נעמי,חזן,נעמי,False,"[""נעמי חזן""]"
66,507,כהן,רן,כהן,רן,False,"[""רן כהן""]"
80,509,מאור,ענת,מאור,ענת,False,"[""ענת מאור""]"
113,510,רובינשטיין,אמנון,רובינשטיין,אמנון,False,"[""אמנון רובינשטיין""]"
708,511,רז,מוסי,רז,מוסי,False,"[""מוסי רז""]"
126,512,שריד,יוסי,שריד,יוסי,False,"[""יוסי שריד""]"
196,513,בריילובסקי,ויקטור,בריילובסקי,ויקטור,False,"[""ויקטור בריילובסקי""]"
217,517,לפיד,יוסף (טומי),לפיד,יוסף (טומי),False,"[""יוסף (טומי) לפיד""]"
221,518,נאות,יהודית,נאות,יהודית,False,"[""יהודית נאות""]"
98,519,פורז,אברהם,פורז,אברהם,False,"[""אברהם פורז""]"
227,520,פריצקי,יוסף יצחק,פריצקי,יוסף יצחק,False,"[""יוסף יצחק פריצקי""]"
194,521,אורלב,זבולון,אורלב,זבולון,False,"[""זבולון אורלב""]"
17,522,ביבי,יגאל,ביבי,יגאל,False,"[""יגאל ביבי""]"
202,523,דרוקמן,חיים,דרוקמן,חיים,False,"[""חיים דרוקמן""]"
61,524,יהלום,שאול,יהלום,שאול,False,"[""שאול יהלום""]"
696,525,לנגנטל,נחום,לנגנטל,נחום,False,"[""נחום לנגנטל""]"
35,526,גפני,משה,גפני,משה,True,"[""משה גפני"", ""רפאל משה גפני""]"
43,527,הלפרט,שמואל,הלפרט,שמואל,False,"[""שמואל הלפרט""]"
216,528,ליצמן,יעקב,ליצמן,יעקב,False,"[""יעקב ליצמן""]"
112,531,רביץ,אברהם,רביץ,אברהם,False,"[""אברהם רביץ""]"
1,532,אדלשטיין,יולי יואל,אדלשטיין,יולי יואל,True,"[""יואל יולי אדלשטיין"", ""יואל אדלשטיין"", ""יולי אדלשטין"", ""יולי - יואל אדלשטיין"", ""יולי יואל אדלשטיין"", ""יואל אדלשטין""]"
91,533,סולודקין,מרינה,סולודקין,מרינה,False,"[""מרינה סולודקין""]"
232,534,ריגר,גנדי,ריגר,גנדי,False,"[""גנדי ריגר""]"
127,535,שרנסקי,נתן,שרנסקי,נתן,False,"[""נתן שרנסקי""]"
72,536,לוי,דוד,לוי,דוד,False,"[""דוד לוי""]"
74,537,לוי,מקסים,לוי,מקסים,False,"[""מקסים לוי""]"
709,538,משעני,מרדכי,משעני,מרדכי,False,"[""מרדכי משעני""]"
231,539,רבין-פילוסוף,דליה,רבין-פילוסוף,דליה,False,"[""דליה רבין-פילוסוף""]"
197,540,ברכה,מוחמד,ברכה,מוחמד,False,"[""מוחמד ברכה""]"
31,541,גוז'נסקי,תמר,גוז'נסקי,תמר,False,"[""תמר גוז'נסקי""]"
218,542,מח'ול,עסאם,מח'ול,עסאם,False,"[""עסאם מח'ול""]"
712,543,לסרי,יחיאל,לסרי,יחיאל,False,"[""יחיאל לסרי""]"
82,544,מגן,דוד,מגן,דוד,False,"[""דוד מגן""]"
155,545,מילוא,רוני,מילוא,רוני,False,"[""רוני מילוא""]"
88,546,מרידור,דן,מרידור,דן,False,"[""דן מרידור""]"
711,548,רונן,נחמה,רונן,נחמה,False,"[""נחמה רונן""]"
13,549,אלסאנע,טלב,אלסאנע,טלב,False,"[""טלב אלסאנע""]"
36,550,דהאמשה,עבד-אלמאלכ,דהאמשה,עבד-אלמאלכ,False,"[""עבד-אלמאלכ דהאמשה""]"
83,551,מחאמיד,האשם,מחאמיד,האשם,False,"[""האשם מחאמיד""]"
26,552,ברונפמן,רומן,ברונפמן,רומן,False,"[""רומן ברונפמן""]"
229,553,צינקר,אלכסנדר,צינקר,אלכסנדר,False,"[""אלכסנדר צינקר""]"
57,554,חטיב,תאופיק,חטיב,תאופיק,False,"[""תאופיק חטיב""]"
211,555,כנעאן,מוחמד,כנעאן,מוחמד,False,"[""מוחמד כנעאן""]"
212,556,כץ,חיים,כץ,חיים,True,"[""חיים כץ""]"
105,557,פרץ,עמיר,פרץ,עמיר,False,"[""אמיר פרץ"", ""עמיר ארמנד פרץ"", ""עמיר פרץ""]"
29,558,בשארה,עזמי,בשארה,עזמי,False,"[""עזמי בשארה""]"
109,559,קליינר,מיכאל,קליינר,מיכאל,False,"[""מיכאל קליינר""]"
208,560,טיבי,אחמד,טיבי,אחמד,True,"[""אחמד טיבי""]"
103,563,פרוש,מאיר,פרוש,מאיר,True,"[""מאיר פרוש""]"
219,564,מלול,רחמים,מלול,רחמים,False,"[""רחמים מלול""]"
89,565,נודלמן,מיכאל,נודלמן,מיכאל,False,"[""מיכאל נודלמן""]"
54,567,זנדברג,אליעזר,זנדברג,אליעזר,False,"[""אליעזר זנדברג""]"
65,580,כהן,יצחק,כהן,יצחק,False,"[""יצחק כהן""]"
130,584,אביטל,שמואל,אביטל,שמואל,False,"[""שמואל אביטל""]"
710,585,אוחנה,אשר,אוחנה,אשר,False,"[""אשר אוחנה""]"
1144,650,האן,אריה,האן,אריה,False,"[""אריה האן""]"
664,664,לוי,אבי,לוי,אבי,False,"[""אבי לוי""]"
713,713,אריאל,אורי,אריאל,אורי,False,"[""יהודה אורי הכהן אריאל"", ""אורי אריאל"", ""אורי יהודה אריאל""]"
714,755,כהן,אלי,כהן,אלי,False,"[""אלי כהן""]"
715,763,איתם,אפי,איתם,אפי,False,"[""אפי איתם""]"
73,765,לוי,יצחק,לוי,יצחק,False,"[""יצחק לוי""]"
716,818,גלעד,יהודה,גלעד,יהודה,False,"[""יהודה גלעד""]"
33,860,גולדשמידט,אלי,גולדשמידט,אלי,False,"[""אלי גולדשמידט""]"
27,861,ברעם,עוזי,ברעם,עוזי,False,"[""עוזי ברעם""]"
110,862,קצב,משה,קצב,משה,False,"[""משה קצב""]"
717,865,נוקד,אורית,נוקד,אורית,False,"[""אורית נוקד""]"
718,889,רשף,צלי,רשף,צלי,False,"[""צלי רשף""]"
719,926,אבן,עוזי,אבן,עוזי,False,"[""עוזי אבן""]"
720,949,מופז,שאול,מופז,שאול,False,"[""שאול מופז""]"
90,965,נתניהו,בנימין,נתניהו,בנימין,True,"[""בנימין נתניהו"", ""בינימין נתניהו""]"
722,986,צברי,פנחס,צברי,פנחס,False,"[""פנחס צברי""]"
723,1025,גמליאל,גילה,גמליאל,גילה,True,"[""גילה גמליאל""]"
724,1026,אברהם-בלילא,רוחמה,אברהם-בלילא,רוחמה,False,"[""רוחמה אברהם-בלילא""]"
725,1027,סער,גדעון,סער,גדעון,True,"[""גדעון סער""]"
726,1028,בנלולו,דניאל,בנלולו,דניאל,False,"[""דניאל בנלולו""]"
169,1029,רצון,מיכאל,רצון,מיכאל,False,"[""מיכאל רצון""]"
727,1030,והבה,מגלי,והבה,מגלי,False,"[""מגלי והבה""]"
728,1031,אדרי,יעקב,אדרי,יעקב,False,"[""יעקב אדרי""]"
729,1032,יתום,אהוד,יתום,אהוד,False,"[""אהוד יתום""]"
730,1033,אפללו,אלי,אפללו,אלי,False,"[""אלי אפללו""]"
731,1034,כחלון,משה,כחלון,משה,False,"[""משה כחלון""]"
732,1035,שרון,עמרי,שרון,עמרי,False,"[""עמרי שרון""]"
733,1036,גורלובסקי,מיכאל,גורלובסקי,מיכאל,False,"[""מיכאל גורלובסקי""]"
734,1037,ארדן,גלעד,ארדן,גלעד,False,"[""גלעד ארדן"", ""גילעד ארדן""]"
735,1038,בר-און,רוני,בר-און,רוני,False,"[""רוני בר-און""]"
736,1039,גבריאלי,ענבל,גבריאלי,ענבל,False,"[""ענבל גבריאלי""]"
737,1040,חזן,יחיאל,חזן,יחיאל,False,"[""יחיאל חזן""]"
738,1041,נס,לאה,נס,לאה,False,"[""לאה נס""]"
739,1042,מצנע,עמרם,מצנע,עמרם,False,"[""עמרם מצנע""]"
697,1043,תמיר,יולי,תמיר,יולי,False,"[""יולי תמיר""]"
740,1044,הרצוג,יצחק,הרצוג,יצחק,False,"[""יצחק הרצוג"", ""בוזי הרצוג""]"
741,1045,יתום,דני,יתום,דני,False,"[""דני יתום""]"
742,1046,שלגי,אילן,שלגי,אילן,False,"[""אילן שלגי""]"
743,1047,פולישוק-בלוך,מלי,פולישוק-בלוך,מלי,False,"[""מלי פולישוק-בלוך""]"
744,1048,חן,רשף,חן,רשף,False,"[""רשף חן""]"
745,1049,בריזון,רוני,בריזון,רוני,False,"[""רוני בריזון""]"
746,1050,רצאבי,אהוד,רצאבי,אהוד,False,"[""אהוד רצאבי""]"
747,1051,לבני,אתי,לבני,אתי,False,"[""אתי לבני""]"
748,1052,ליבוביץ,אילן,ליבוביץ,אילן,False,"[""אילן ליבוביץ""]"
749,1053,דורון,חמי,דורון,חמי,False,"[""חמי דורון""]"
750,1054,יאסינוב,יגאל,יאסינוב,יגאל,False,"[""יגאל יאסינוב""]"
752,1055,אלדד,אריה,אלדד,אריה,False,"[""אריה אלדד""]"
751,1056,מרגי,יעקב,מרגי,יעקב,True,"[""יעקוב מרגי"", ""יעקב מרגי""]"
754,1057,אייכלר,ישראל,אייכלר,ישראל,True,"[""ישראל איכלר"", ""ישראל אייכלר"", ""אייכלר ישראל יצחק""]"
753,1059,פינקלשטיין,גילה,פינקלשטיין,גילה,False,"[""גילה פינקלשטיין""]"
756,1061,זחאלקה,ג'מאל,זחאלקה,ג'מאל,False,"[""ג׳אמל זחלקה"", ""גמאל זחאלקה"", ""ג׳מל זחלקה"", ""ג׳מל זחאלקה"", ""ג`מאל זחאלקה"", ""ג'מאל זחאלקה"", ""ג׳מאל זחלקה"", ""ג׳אמל זחאלקה""]"
757,1062,טאהא,ואסל,טאהא,ואסל,False,"[""ואסל טאהא""]"
1145,1063,כהן,אילנה,כהן,אילנה,False,"[""אילנה כהן""]"
3,1064,אולמרט,אהוד,אולמרט,אהוד,False,"[""אהוד אולמרט""]"
5,1065,אורון,חיים,אורון,חיים,False,"[""חיים אורון""]"
204,1067,וילנאי,מתן,וילנאי,מתן,False,"[""מתן וילנאי""]"
92,1068,סלומינסקי,ניסן,סלומינסקי,ניסן,False,"[""סלומיאנסקי ניסן"", ""ניסן סלומיאנסקי"", ""ניסן סלומינסקי""]"
1996,1996,מרזוק,דן,מרזוק,דן,True,"[""דן מרזוק""]"
758,2014,מג'אדלה,ראלב,מג'אדלה,ראלב,False,"[""ראלב מג'אדלה""]"
672,2114,שרת,משה,שרת,משה,False,"[""משה שרת""]"
129,2116,א'-דאהר,אחמד,א'-דאהר,אחמד,False,"[""אחמד א'-דאהר""]"
180,2117,אבו-רביעה,חמאד,אבו-רביעה,חמאד,False,"[""חמאד אבו-רביעה""]"
233,2118,אבו-רוכן,לביב,אבו-רוכן,לביב,False,"[""לביב אבו-רוכן""]"
178,2119,אבוחצירא,אהרן,אבוחצירא,אהרן,False,"[""אהרן אבוחצירא""]"
234,2120,אבטבי,אליעזר,אבטבי,אליעזר,False,"[""אליעזר אבטבי""]"
235,2121,אביזוהר,מאיר,אביזוהר,מאיר,False,"[""מאיר אביזוהר""]"
236,2122,אבן,אבא,אבן,אבא,False,"[""אבא אבן""]"
237,2123,אבניאל,בנימין,אבניאל,בנימין,False,"[""בנימין אבניאל""]"
238,2124,אבנרי,אורי,אבנרי,אורי,False,"[""אורי אבנרי""]"
239,2125,אבריאל,אהוד,אבריאל,אהוד,False,"[""אהוד אבריאל""]"
240,2126,אברמוב,שניאור זלמן,אברמוב,שניאור זלמן,False,"[""שניאור זלמן אברמוב""]"
241,2127,אברמוביץ,יהודה-מאיר,אברמוביץ,יהודה-מאיר,False,"[""יהודה-מאיר אברמוביץ""]"
2,2128,אדרי,רפאל,אדרי,רפאל,False,"[""רפאל אדרי""]"
242,2129,אוזן,אהרן,אוזן,אהרן,False,"[""אהרן אוזן""]"
243,2130,אולמרט,מרדכי,אולמרט,מרדכי,False,"[""מרדכי אולמרט""]"
245,2131,אונא,משה,אונא,משה,False,"[""משה אונא""]"
4,2132,אור,אורי,אור,אורי,False,"[""אורי אור""]"
246,2133,אורי,יעקב,אורי,יעקב,False,"[""יעקב אורי""]"
247,2134,אזניה,ברוך,אזניה,ברוך,False,"[""ברוך אזניה""]"
131,2135,אחימאיר,יוסף,אחימאיר,יוסף,False,"[""יוסף אחימאיר""]"
248,2136,אידלסון,בבה,אידלסון,בבה,False,"[""בבה אידלסון""]"
249,2137,איכילוב,עזרא,איכילוב,עזרא,False,"[""עזרא איכילוב""]"
10,2138,איתן,רפאל,איתן,רפאל,False,"[""רפאל איתן""]"
252,2139,אלגרבלי,מרדכי,אלגרבלי,מרדכי,False,"[""מרדכי אלגרבלי""]"
253,2140,אלדרוטי,צבי,אלדרוטי,צבי,False,"[""צבי אלדרוטי""]"
11,2141,אלול,רפאל,אלול,רפאל,False,"[""רפאל אלול""]"
682,2142,אלון,יגאל,אלון,יגאל,False,"[""יגאל אלון""]"
132,2143,אלוני,שולמית,אלוני,שולמית,False,"[""שולמית אלוני""]"
251,2144,אלזועבי,סיף-אלדין,אלזועבי,סיף-אלדין,False,"[""סיף-אלדין אלזועבי""]"
254,2145,אלטמן,אריה,אלטמן,אריה,False,"[""אריה אלטמן""]"
255,2146,אליאב,אריה לובה,אליאב,אריה לובה,False,"[""אריה לובה אליאב""]"
256,2147,אליהו,שלמה,אליהו,שלמה,False,"[""שלמה אליהו""]"
257,2148,אליעד,נסים,אליעד,נסים,False,"[""נסים אליעד""]"
258,2149,אלישר,אליהו,אלישר,אליהו,False,"[""אליהו אלישר""]"
259,2150,אלמוגי,יוסף-אהרון,אלמוגי,יוסף-אהרון,False,"[""יוסף-אהרון אלמוגי""]"
260,2151,אלמליח,אברהם,אלמליח,אברהם,False,"[""אברהם אלמליח""]"
261,2152,אמוראי,עדיאל,אמוראי,עדיאל,False,"[""עדיאל אמוראי""]"
262,2153,אמיר,יעקב-ז'אק,אמיר,יעקב-ז'אק,False,"[""יעקב-ז'אק אמיר""]"
179,2154,אנאשף,מחמוד,אנאשף,מחמוד,False,"[""מחמוד אנאשף""]"
263,2155,אנקוריון,ארי,אנקוריון,ארי,False,"[""ארי אנקוריון""]"
264,2156,אסא,ירחמיאל,אסא,ירחמיאל,False,"[""ירחמיאל אסא""]"
133,2157,אסעד,אסעד,אסעד,אסעד,False,"[""אסעד אסעד""]"
265,2158,אסעד,שפיק,אסעד,שפיק,False,"[""שפיק אסעד""]"
266,2159,אסף,עמי,אסף,עמי,False,"[""עמי אסף""]"
267,2160,אפרת,אהרון,אפרת,אהרון,False,"[""אהרון אפרת""]"
268,2161,אפרתי,יוסף,אפרתי,יוסף,False,"[""יוסף אפרתי""]"
269,2162,ארבלי-אלמוזלינו,שושנה,ארבלי-אלמוזלינו,שושנה,False,"[""שושנה ארבלי-אלמוזלינו""]"
270,2163,ארגוב,מאיר,ארגוב,מאיר,False,"[""מאיר ארגוב""]"
2164,2164,ארד,נאוה,ארד,נאוה,False,"[""נאוה ארד""]"
271,2165,ארדיטי,בנימין,ארדיטי,בנימין,False,"[""בנימין ארדיטי""]"
272,2166,ארזי,ראובן,ארזי,ראובן,False,"[""ראובן ארזי""]"
273,2167,אריאב,חיים,אריאב,חיים,False,"[""חיים אריאב""]"
274,2168,ארידור,יורם,ארידור,יורם,False,"[""יורם ארידור""]"
275,2169,ארליך,שמחה,ארליך,שמחה,False,"[""שמחה ארליך""]"
276,2170,ארם,משה,ארם,משה,False,"[""משה ארם""]"
277,2171,ארן,זלמן,ארן,זלמן,False,"[""זלמן ארן""]"
279,2172,ארצי,יצחק,ארצי,יצחק,False,"[""יצחק ארצי""]"
683,2173,אשכול,לוי,אשכול,לוי,False,"[""לוי אשכול""]"
280,2174,אשל,תמר,אשל,תמר,False,"[""תמר אשל""]"
135,2175,בא-גד,יוסף,בא-גד,יוסף,False,"[""יוסף בא-גד""]"
281,2176,בארי,ידידיה,בארי,ידידיה,False,"[""ידידיה בארי""]"
282,2177,בבה,שמחה,בבה,שמחה,False,"[""שמחה בבה""]"
14,2178,בגין,זאב בנימין,בגין,זאב בנימין,False,"[""זאב בנימין בגין"", ""בינימין בגין"", ""בנימין בגין""]"
692,2179,בגין,מנחם,בגין,מנחם,False,"[""מנחם בגין""]"
283,2180,בדיאן,אליקים-גוסטב,בדיאן,אליקים-גוסטב,False,"[""אליקים-גוסטב בדיאן""]"
284,2181,בדר,יוחנן,בדר,יוחנן,False,"[""יוחנן בדר""]"
285,2182,בדר,מנחם,בדר,מנחם,False,"[""מנחם בדר""]"
15,2183,בדש,פיני,בדש,פיני,False,"[""פיני בדש""]"
286,2184,בהיר,אריה,בהיר,אריה,False,"[""אריה בהיר""]"
287,2185,בוגר,חיים,בוגר,חיים,False,"[""חיים בוגר""]"
2186,2186,בוחבוט,שלמה,בוחבוט,שלמה,False,"[""שלמה בוחבוט""]"
288,2187,בורג,יוסף,בורג,יוסף,False,"[""יוסף בורג""]"
289,2188,בז'רנו,שמעון,בז'רנו,שמעון,False,"[""שמעון בז'רנו""]"
290,2189,ביבי,מרדכי,ביבי,מרדכי,False,"[""מרדכי ביבי""]"
291,2190,ביטון,אברהם,ביטון,אברהם,False,"[""אברהם ביטון""]"
292,2191,ביטון,צ'רלי,ביטון,צ'רלי,False,"[""צ'רלי ביטון""]"
18,2192,ביילין,יוסי,ביילין,יוסי,False,"[""יוסי ביילין""]"
293,2193,בלומנטל,נפתלי,בלומנטל,נפתלי,False,"[""נפתלי בלומנטל""]"
294,2194,בן-אהרן,יצחק,בן-אהרן,יצחק,False,"[""יצחק בן-אהרן""]"
295,2195,בן-אליעזר,אריה,בן-אליעזר,אריה,False,"[""אריה בן-אליעזר""]"
21,2196,בן-אלישר,אליהו,בן-אלישר,אליהו,False,"[""אליהו בן-אלישר""]"
296,2197,בן-אשר,חיים,בן-אשר,חיים,False,"[""חיים בן-אשר""]"
684,2198,בן-גוריון,דוד,בן-גוריון,דוד,False,"[""דוד בן-גוריון""]"
297,2199,בן-יעקב,זלמן,בן-יעקב,זלמן,False,"[""זלמן בן-יעקב""]"
298,2200,בן-ישראל,גדעון,בן-ישראל,גדעון,False,"[""גדעון בן-ישראל""]"
299,2201,בן-מאיר,דב,בן-מאיר,דב,False,"[""דב בן-מאיר""]"
300,2202,בן-מאיר,יהודה,בן-מאיר,יהודה,False,"[""יהודה בן-מאיר""]"
301,2203,בן-מאיר,שלמה-ישראל,בן-מאיר,שלמה-ישראל,False,"[""שלמה-ישראל בן-מאיר""]"
302,2204,בן-עמי,משה,בן-עמי,משה,False,"[""משה בן-עמי""]"
303,2206,בן-פורת,מרדכי,בן-פורת,מרדכי,False,"[""מרדכי בן-פורת""]"
680,2207,בן-צבי,יצחק,בן-צבי,יצחק,False,"[""יצחק בן-צבי""]"
24,2208,בן-צור,שמריהו,בן-צור,שמריהו,False,"[""שמריהו בן-צור""]"
304,2209,בן-שלמה,שמעון,בן-שלמה,שמעון,False,"[""שמעון בן-שלמה""]"
305,2210,בנטוב,מרדכי,בנטוב,מרדכי,False,"[""מרדכי בנטוב""]"
306,2211,בסטוני,רוסתם,בסטוני,רוסתם,False,"[""רוסתם בסטוני""]"
307,2212,בקר,אהרן,בקר,אהרן,False,"[""אהרן בקר""]"
308,2213,בר-און,מרדכי,בר-און,מרדכי,False,"[""מרדכי בר-און""]"
309,2214,בר-זהר,מיכאל,בר-זהר,מיכאל,False,"[""מיכאל בר-זהר""]"
310,2215,בר-יהודה,ישראל,בר-יהודה,ישראל,False,"[""ישראל בר-יהודה""]"
311,2216,בר-לב,חיים,בר-לב,חיים,False,"[""חיים בר-לב""]"
312,2217,בר-ניר,דב,בר-ניר,דב,False,"[""דב בר-ניר""]"
313,2218,בר-רב-האי,דוד,בר-רב-האי,דוד,False,"[""דוד בר-רב-האי""]"
314,2219,ברגר,הרצל,ברגר,הרצל,False,"[""הרצל ברגר""]"
315,2220,ברזילי,ישראל,ברזילי,ישראל,False,"[""ישראל ברזילי""]"
316,2221,ברמן,אברהם,ברמן,אברהם,False,"[""אברהם ברמן""]"
317,2222,ברמן,יצחק,ברמן,יצחק,False,"[""יצחק ברמן""]"
318,2223,ברנשטיין,פרץ,ברנשטיין,פרץ,False,"[""פרץ ברנשטיין""]"
319,2224,ברעם,משה,ברעם,משה,False,"[""משה ברעם""]"
320,2225,ברץ,יוסף,ברץ,יוסף,False,"[""יוסף ברץ""]"
28,2226,ברק,אהוד,ברק,אהוד,False,"[""אהוד ברק""]"
321,2227,ברקת,ראובן,ברקת,ראובן,False,"[""ראובן ברקת""]"
322,2228,בש,רפאל,בש,רפאל,False,"[""רפאל בש""]"
199,2229,ג'בארה,חוסניה,ג'בארה,חוסניה,False,"[""חוסניה ג'בארה""]"
323,2230,ג'בארה,חליל-סלים,ג'בארה,חליל-סלים,False,"[""חליל-סלים ג'בארה""]"
345,2231,ג'רג'ורה,אמין,ג'רג'ורה,אמין,False,"[""אמין ג'רג'ורה""]"
30,2232,גבאי,אליהו,גבאי,אליהו,False,"[""אליהו גבאי""]"
324,2233,גבתי,חיים,גבתי,חיים,False,"[""חיים גבתי""]"
325,2234,גדות,גדעון,גדות,גדעון,False,"[""גדעון גדות""]"
2235,2235,גוברין,עקיבא,גוברין,עקיבא,False,"[""עקיבא גוברין""]"
138,2236,גוטמן,שאול,גוטמן,שאול,False,"[""שאול גוטמן""]"
327,2237,גולדברג,יוסף,גולדברג,יוסף,False,"[""יוסף גולדברג""]"
32,2238,גולדמן,מיכה,גולדמן,מיכה,False,"[""מיכה גולדמן""]"
139,2239,גולדפרב,אלכס,גולדפרב,אלכס,False,"[""אלכס גולדפרב""]"
328,2240,גולדרט,אברהם,גולדרט,אברהם,False,"[""אברהם גולדרט""]"
329,2241,גולדשטיין,אהרן,גולדשטיין,אהרן,False,"[""אהרן גולדשטיין""]"
330,2242,גולדשטיין,פנחס,גולדשטיין,פנחס,False,"[""פנחס גולדשטיין""]"
331,2243,גולדשמידט,יוסף,גולדשמידט,יוסף,False,"[""יוסף גולדשמידט""]"
332,2244,גולומב,דוד,גולומב,דוד,False,"[""דוד גולומב""]"
333,2245,גולן,יצחק,גולן,יצחק,False,"[""יצחק גולן""]"
141,2246,גור,אפרים,גור,אפרים,False,"[""אפרים גור""]"
140,2247,גור,מרדכי,גור,מרדכי,False,"[""מרדכי גור""]"
334,2248,גורי,ישראל,גורי,ישראל,False,"[""ישראל גורי""]"
335,2249,גורן,שרגא,גורן,שרגא,False,"[""שרגא גורן""]"
336,2250,גז,מטילדה,גז,מטילדה,False,"[""מטילדה גז""]"
337,2251,גיבלבר,אברהם,גיבלבר,אברהם,False,"[""אברהם גיבלבר""]"
339,2252,גיל,יעקב,גיל,יעקב,False,"[""יעקב גיל""]"
338,2253,גיל,יעקב,גיל,יעקב,False,"[""יעקב גיל""]"
142,2254,גל,גדליה,גל,גדליה,False,"[""גדליה גל""]"
340,2255,גלוסקא,זכריה,גלוסקא,זכריה,False,"[""זכריה גלוסקא""]"
341,2256,גלזר-תעסה,מרים,גלזר-תעסה,מרים,False,"[""מרים גלזר-תעסה""]"
342,2257,גלילי,ישראל,גלילי,ישראל,False,"[""ישראל גלילי""]"
343,2258,גלס,דוד,גלס,דוד,False,"[""דוד גלס""]"
344,2259,גנחובסקי,אליהו-משה,גנחובסקי,אליהו-משה,False,"[""אליהו-משה גנחובסקי""]"
346,2260,גרוס,שלמה-יעקב,גרוס,שלמה-יעקב,False,"[""שלמה-יעקב גרוס""]"
347,2261,גרוסמן,חייקה,גרוסמן,חייקה,False,"[""חייקה גרוסמן""]"
348,2262,גרופר,פסח,גרופר,פסח,False,"[""פסח גרופר""]"
349,2263,גרידי,שמעון,גרידי,שמעון,False,"[""שמעון גרידי""]"
350,2264,גרינברג,אהרן-יעקב,גרינברג,אהרן-יעקב,False,"[""אהרן-יעקב גרינברג""]"
351,2265,גרינברג,אורי-צבי,גרינברג,אורי-צבי,False,"[""אורי-צבי גרינברג""]"
352,2266,גרנות,אברהם,גרנות,אברהם,False,"[""אברהם גרנות""]"
353,2267,גרנות,אלעזר,גרנות,אלעזר,False,"[""אלעזר גרנות""]"
2268,2268,גרשוני,צבי,גרשוני,צבי,False,"[""צבי גרשוני""]"
355,2269,דגני,עמוס,דגני,עמוס,False,"[""עמוס דגני""]"
356,2270,דובדבני,יחיאל,דובדבני,יחיאל,False,"[""יחיאל דובדבני""]"
357,2271,דויטש,אברהם,דויטש,אברהם,False,"[""אברהם דויטש""]"
358,2272,דון-יחיא,שבתאי,דון-יחיא,שבתאי,False,"[""שבתאי דון-יחיא""]"
359,2273,דורון,שרה,דורון,שרה,False,"[""שרה דורון""]"
360,2274,דיאב,יוסף,דיאב,יוסף,False,"[""יוסף דיאב""]"
143,2275,דיין,אלי,דיין,אלי,False,"[""אלי דיין""]"
38,2276,דיין,חיים,דיין,חיים,False,"[""חיים דיין""]"
688,2277,דיין,משה,דיין,משה,False,"[""משה דיין""]"
361,2278,דיין,שלמה,דיין,שלמה,False,"[""שלמה דיין""]"
362,2279,דיין,שמואל,דיין,שמואל,False,"[""שמואל דיין""]"
363,2280,דינור,בן-ציון,דינור,בן-ציון,False,"[""בן-ציון דינור""]"
364,2281,דיניץ,שמחה,דיניץ,שמחה,False,"[""שמחה דיניץ""]"
2282,2282,דינשטיין,צבי,דינשטיין,צבי,False,"[""צבי דינשטיין""]"
366,2283,דיציאן,ליאון,דיציאן,ליאון,False,"[""ליאון דיציאן""]"
367,2284,דנינו,דוד,דנינו,דוד,False,"[""דוד דנינו""]"
368,2285,דקל,מיכאל,דקל,מיכאל,False,"[""מיכאל דקל""]"
40,2286,דראושה,עבד-אלוהב,דראושה,עבד-אלוהב,False,"[""עבד-אלוהב דראושה""]"
369,2287,דרובלס,מתתיהו,דרובלס,מתתיהו,False,"[""מתתיהו דרובלס""]"
370,2288,דרורי,אברהם,דרורי,אברהם,False,"[""אברהם דרורי""]"
371,2289,דרורי,חסיה,דרורי,חסיה,False,"[""חסיה דרורי""]"
372,2290,דרניצקי,יהודה (יודין),דרניצקי,יהודה (יודין),False,"[""יהודה (יודין) דרניצקי""]"
41,2291,דרעי,אריה מכלוף,דרעי,אריה מכלוף,True,"[""אריה מכלוף דרעי""]"
373,2292,האוזנר,גדעון,האוזנר,גדעון,False,"[""גדעון האוזנר""]"
374,2293,הדר,עמוס,הדר,עמוס,False,"[""עמוס הדר""]"
375,2294,הורביץ,יגאל,הורביץ,יגאל,False,"[""יגאל הורביץ""]"
376,2295,הכהן,דוד,הכהן,דוד,False,"[""דוד הכהן""]"
377,2296,הכהן,מנחם,הכהן,מנחם,False,"[""מנחם הכהן""]"
378,2297,הכרמלי,אליהו,הכרמלי,אליהו,False,"[""אליהו הכרמלי""]"
379,2298,הלוי,בנימין,הלוי,בנימין,False,"[""בנימין הלוי""]"
380,2299,הלל,שלמה,הלל,שלמה,False,"[""שלמה הלל""]"
44,2300,המר,זבולון,המר,זבולון,False,"[""זבולון המר""]"
381,2301,הן,יחזקאל,הן,יחזקאל,False,"[""יחזקאל הן""]"
382,2302,העצני,אליקים,העצני,אליקים,False,"[""אליקים העצני""]"
383,2303,הקטין,רות,הקטין,רות,False,"[""רות הקטין""]"
384,2304,הראל,אהרן,הראל,אהרן,False,"[""אהרן הראל""]"
385,2305,הראל,איסר,הראל,איסר,False,"[""איסר הראל""]"
386,2306,הראל,בן-ציון,הראל,בן-ציון,False,"[""בן-ציון הראל""]"
47,2307,הראל,יהודה,הראל,יהודה,False,"[""יהודה הראל""]"
387,2308,הרינג,זאב,הרינג,זאב,False,"[""זאב הרינג""]"
388,2309,הרליץ,אסתר,הרליץ,אסתר,False,"[""אסתר הרליץ""]"
389,2310,הרמן,זינה,הרמן,זינה,False,"[""זינה הרמן""]"
390,2311,הרפז,נטע,הרפז,נטע,False,"[""נטע הרפז""]"
391,2312,הרצוג,חיים,הרצוג,חיים,False,"[""חיים הרצוג""]"
392,2313,הרצפלד,אברהם,הרצפלד,אברהם,False,"[""אברהם הרצפלד""]"
393,2314,הררי,יזהר,הררי,יזהר,False,"[""יזהר הררי""]"
2315,2315,ויינברג,צבי,ויינברג,צבי,False,"[""צבי ויינברג""]"
144,2316,ויינשטיין,אריאל,ויינשטיין,אריאל,False,"[""אריאל ויינשטיין""]"
49,2317,וייס,שבח,וייס,שבח,False,"[""שבח וייס""]"
394,2318,וילנסקה,אסתר,וילנסקה,אסתר,False,"[""אסתר וילנסקה""]"
395,2319,וילנר,מאיר,וילנר,מאיר,False,"[""מאיר וילנר""]"
690,2320,ויצמן,עזר,ויצמן,עזר,False,"[""עזר ויצמן""]"
396,2321,וירשובסקי,מרדכי,וירשובסקי,מרדכי,False,"[""מרדכי וירשובסקי""]"
397,2322,ולדמן,אליעזר,ולדמן,אליעזר,False,"[""אליעזר ולדמן""]"
145,2323,ונונו,יוסף,ונונו,יוסף,False,"[""יוסף ונונו""]"
146,2324,ורדיגר,אברהם,ורדיגר,אברהם,False,"[""אברהם ורדיגר""]"
398,2325,ורהפטיג,זרח,ורהפטיג,זרח,False,"[""זרח ורהפטיג""]"
399,2326,ורטהיימר,זאב,ורטהיימר,זאב,False,"[""זאב ורטהיימר""]"
400,2327,ורטמן,משה,ורטמן,משה,False,"[""משה ורטמן""]"
401,2328,ותד,מחמד,ותד,מחמד,False,"[""מחמד ותד""]"
402,2329,ז'בוטינסקי,ערי,ז'בוטינסקי,ערי,False,"[""ערי ז'בוטינסקי""]"
403,2330,זוארץ,פריג'ה,זוארץ,פריג'ה,False,"[""פריג'ה זוארץ""]"
52,2331,זוילי,נסים,זוילי,נסים,False,"[""נסים זוילי""]"
404,2332,זועבי,עבדול-עזיז,זועבי,עבדול-עזיז,False,"[""עבדול-עזיז זועבי""]"
2333,2333,זורע,מאיר,זורע,מאיר,False,"[""מאיר זורע""]"
147,2334,זיאד,תופיק,זיאד,תופיק,False,"[""תופיק זיאד""]"
406,2335,זיגר,יצחק,זיגר,יצחק,False,"[""יצחק זיגר""]"
407,2336,זייגרמן,דרור,זייגרמן,דרור,False,"[""דרור זייגרמן""]"
408,2337,זיידל,הלל,זיידל,הלל,False,"[""הלל זיידל""]"
409,2338,זילברברג,אברהם,זילברברג,אברהם,False,"[""אברהם זילברברג""]"
53,2339,זיסמן,עמנואל,זיסמן,עמנואל,False,"[""עמנואל זיסמן""]"
410,2340,זיסמן,שלום,זיסמן,שלום,False,"[""שלום זיסמן""]"
411,2341,זכאי,יחזקאל,זכאי,יחזקאל,False,"[""יחזקאל זכאי""]"
2342,2342,זכין,דב,זכין,דב,False,"[""דב זכין""]"
413,2343,זר,מרדכי,זר,מרדכי,False,"[""מרדכי זר""]"
414,2344,חביבי,אמיל,חביבי,אמיל,False,"[""אמיל חביבי""]"
55,2345,חג' יחיא,רפיק,חג' יחיא,רפיק,False,"[""רפיק חג' יחיא""]"
148,2346,חדאד,חנא,חדאד,חנא,False,"[""חנא חדאד""]"
415,2347,חושי,אבא,חושי,אבא,False,"[""אבא חושי""]"
416,2348,חזן,יעקב,חזן,יעקב,False,"[""יעקב חזן""]"
2349,2349,חזני,מיכאל,חזני,מיכאל,False,"[""מיכאל חזני""]"
418,2350,חלאילה,חמד,חלאילה,חמד,False,"[""חמד חלאילה""]"
419,2351,חלפון,בן-ציון,חלפון,בן-ציון,False,"[""בן-ציון חלפון""]"
420,2352,חמדאן,פארס,חמדאן,פארס,False,"[""פארס חמדאן""]"
2353,2353,חמיס,יוסף,חמיס,יוסף,False,"[""יוסף חמיס""]"
422,2354,חניפס,סאלח,חניפס,סאלח,False,"[""סאלח חניפס""]"
423,2355,חסין,אשר,חסין,אשר,False,"[""אשר חסין""]"
424,2356,חריף,משה,חריף,משה,False,"[""משה חריף""]"
149,2357,חריש,מיכאל,חריש,מיכאל,False,"[""מיכאל חריש""]"
425,2358,חשאי,יהודה,חשאי,יהודה,False,"[""יהודה חשאי""]"
426,2359,חת,נחום,חת,נחום,False,"[""נחום חת""]"
2360,2360,טביב,אברהם,טביב,אברהם,False,"[""אברהם טביב""]"
428,2361,טבנקין,יצחק,טבנקין,יצחק,False,"[""יצחק טבנקין""]"
429,2362,טברסקי,ז'ניה,טברסקי,ז'ניה,False,"[""ז'ניה טברסקי""]"
2363,2363,טובי,תופיק,טובי,תופיק,False,"[""תופיק טובי""]"
2364,2364,טולידאנו,שמואל,טולידאנו,שמואל,False,"[""שמואל טולידאנו""]"
2365,2365,טיאר,אברהם,טיאר,אברהם,False,"[""אברהם טיאר""]"
2366,2366,טמקין,בנימין,טמקין,בנימין,False,"[""בנימין טמקין""]"
182,2367,יגורי,אסף,יגורי,אסף,False,"[""אסף יגורי""]"
183,2368,ידיד,מנחם,ידיד,מנחם,False,"[""מנחם ידיד""]"
184,2369,ידין,יגאל,ידין,יגאל,False,"[""יגאל ידין""]"
181,2370,ידלין,אהרן,ידלין,אהרן,False,"[""אהרן ידלין""]"
60,2371,יהב,יונה,יהב,יונה,False,"[""יונה יהב""]"
185,2372,יהודה,חיים,יהודה,חיים,False,"[""חיים יהודה""]"
186,2373,יהודה,צבי,יהודה,צבי,False,"[""צבי יהודה""]"
187,2374,יוניצ'מן,שמשון,יוניצ'מן,שמשון,False,"[""שמשון יוניצ'מן""]"
188,2375,יוסף,דב,יוסף,דב,False,"[""דב יוסף""]"
189,2376,יוסף,יעקב,יוסף,יעקב,False,"[""יעקב יוסף""]"
190,2377,יוספטל,גיורא,יוספטל,גיורא,False,"[""גיורא יוספטל""]"
191,2378,יוספטל,סנטה,יוספטל,סנטה,False,"[""סנטה יוספטל""]"
192,2379,ילין-מור,נתן,ילין-מור,נתן,False,"[""נתן ילין-מור""]"
193,2380,יעקבי,גד,יעקבי,גד,False,"[""גד יעקבי""]"
2381,2381,יערי,מאיר,יערי,מאיר,False,"[""מאיר יערי""]"
2382,2382,יפה,אביעד,יפה,אביעד,False,"[""אביעד יפה""]"
2383,2383,יפה,אברהם,יפה,אברהם,False,"[""אברהם יפה""]"
436,2384,יפרח,יהונתן,יפרח,יהונתן,False,"[""יהונתן יפרח""]"
2385,2385,יצחקי,יצחק,יצחקי,יצחק,False,"[""יצחק יצחקי""]"
438,2386,יצחקי,יצחק,יצחקי,יצחק,False,"[""יצחק יצחקי""]"
2387,2387,יציב,גדי,יציב,גדי,False,"[""גדי יציב""]"
440,2388,יריב,אהרן,יריב,אהרן,False,"[""אהרן יריב""]"
2389,2389,ישעיהו-שרעבי,ישראל,ישעיהו-שרעבי,ישראל,False,"[""ישראל ישעיהו-שרעבי""]"
2390,2390,כהן,אידוב,כהן,אידוב,False,"[""אידוב כהן""]"
443,2391,כהן,בנו,כהן,בנו,False,"[""בנו כהן""]"
2392,2392,כהן,גאולה,כהן,גאולה,False,"[""גאולה כהן""]"
2393,2393,כהן,גבריאל,כהן,גבריאל,False,"[""גבריאל כהן""]"
2394,2394,כהן,יגאל,כהן,יגאל,False,"[""יגאל כהן""]"
2395,2395,כהן,יוחנן,כהן,יוחנן,False,"[""יוחנן כהן""]"
2396,2396,כהן,מנחם,כהן,מנחם,False,"[""מנחם כהן""]"
2397,2397,כהן,שלום,כהן,שלום,False,"[""שלום כהן""]"
450,2398,כהן-אבידב,מאיר,כהן-אבידב,מאיר,False,"[""מאיר כהן-אבידב""]"
451,2399,כהן-אורגד,יגאל,כהן-אורגד,יגאל,False,"[""יגאל כהן-אורגד""]"
452,2400,כהן-כגן,רחל,כהן-כגן,רחל,False,"[""רחל כהן-כגן""]"
2401,2401,כהן-מגורי,חיים,כהן-מגורי,חיים,False,"[""חיים כהן-מגורי""]"
2402,2402,כהן-צידון,שלמה,כהן-צידון,שלמה,False,"[""שלמה כהן-צידון""]"
2403,2403,כהנא,מאיר,כהנא,מאיר,False,"[""מאיר כהנא""]"
2404,2404,כהנא,קלמן,כהנא,קלמן,False,"[""קלמן כהנא""]"
457,2405,כלפון,אברהם,כלפון,אברהם,False,"[""אברהם כלפון""]"
2406,2406,כנוביץ,שמעון,כנוביץ,שמעון,False,"[""שמעון כנוביץ""]"
2407,2407,כסה,יונה,כסה,יונה,False,"[""יונה כסה""]"
2408,2408,כפרית,שרה,כפרית,שרה,False,"[""שרה כפרית""]"
2409,2409,כץ,אברהם,כץ,אברהם,False,"[""אברהם כץ""]"
2410,2410,כץ,זאב,כץ,זאב,False,"[""זאב כץ""]"
2411,2411,"כ""ץ",יעקב,"כ""ץ",יעקב,False,"[""יעקב כ\""ץ""]"
2412,2412,כץ,שמואל,כץ,שמואל,False,"[""שמואל כץ""]"
2413,2413,כץ-עוז,אברהם,כץ-עוז,אברהם,False,"[""אברהם כץ-עוז""]"
2414,2414,כצנלסון,בת-שבע,כצנלסון,בת-שבע,False,"[""בת-שבע כצנלסון""]"
2415,2415,כרמל,משה,כרמל,משה,False,"[""משה כרמל""]"
2416,2416,לבון,פנחס,לבון,פנחס,False,"[""פנחס לבון""]"
2417,2417,לביא,שלמה,לביא,שלמה,False,"[""שלמה לביא""]"
2418,2418,לבנבראון,אברהם,לבנבראון,אברהם,False,"[""אברהם לבנבראון""]"
2419,2419,לבני,איתן,לבני,איתן,False,"[""איתן לבני""]"
71,2420,לובוצקי,אלכסנדר,לובוצקי,אלכסנדר,False,"[""אלכסנדר לובוצקי""]"
152,2421,לובלסקי,מאשה,לובלסקי,מאשה,False,"[""מאשה לובלסקי""]"
2422,2422,לוונשטיין,מאיר-דוד,לוונשטיין,מאיר-דוד,False,"[""מאיר-דוד לוונשטיין""]"
2423,2423,לוז,קדיש,לוז,קדיש,False,"[""קדיש לוז""]"
2424,2424,לוי,דניאל יצחק,לוי,דניאל יצחק,False,"[""דניאל יצחק לוי""]"
2425,2425,לוי,יאיר,לוי,יאיר,False,"[""יאיר לוי""]"
2426,2426,לוי,סטלה,לוי,סטלה,False,"[""סטלה לוי""]"
2427,2427,לוין,יצחק-מאיר,לוין,יצחק-מאיר,False,"[""יצחק-מאיר לוין""]"
2428,2428,לוין,נחום,לוין,נחום,False,"[""נחום לוין""]"
2429,2429,לוין,שלום,לוין,שלום,False,"[""שלום לוין""]"
480,2430,לוקר,ברל,לוקר,ברל,False,"[""ברל לוקר""]"
481,2431,לורינץ,שלמה,לורינץ,שלמה,False,"[""שלמה לורינץ""]"
75,2432,ליבאי,דוד,ליבאי,דוד,False,"[""דוד ליבאי""]"
2433,2433,ליבנה,אליעזר,ליבנה,אליעזר,False,"[""אליעזר ליבנה""]"
2434,2434,ליבשיץ,דוד,ליבשיץ,דוד,False,"[""דוד ליבשיץ""]"
76,2435,לייזרזון,אברהם יוסף,לייזרזון,אברהם יוסף,False,"[""אברהם יוסף לייזרזון""]"
2436,2436,לין,אוריאל,לין,אוריאל,False,"[""אוריאל לין""]"
2437,2437,לין,אמנון,לין,אמנון,False,"[""אמנון לין""]"
2438,2438,לינקר,ציטה,לינקר,ציטה,False,"[""ציטה לינקר""]"
215,2439,ליפקין-שחק,אמנון,ליפקין-שחק,אמנון,False,"[""אמנון ליפקין-שחק""]"
2440,2440,לם,יוסף,לם,יוסף,False,"[""יוסף לם""]"
2441,2441,למדן,חנה,למדן,חנה,False,"[""חנה למדן""]"
489,2442,לנדאו,חיים,לנדאו,חיים,False,"[""חיים לנדאו""]"
2443,2443,לנקין,אליהו,לנקין,אליהו,False,"[""אליהו לנקין""]"
79,2444,לנקרי,יהודה,לנקרי,יהודה,False,"[""יהודה לנקרי""]"
153,2445,לס,יורם,לס,יורם,False,"[""יורם לס""]"
2446,2446,לקט,יחיאל,לקט,יחיאל,False,"[""יחיאל לקט""]"
154,2447,מאיה,משה,מאיה,משה,False,"[""משה מאיה""]"
685,2448,מאיר,גולדה,מאיר,גולדה,False,"[""גולדה מאיר""]"
81,2449,מאסלה,אדיסו,מאסלה,אדיסו,False,"[""אדיסו מאסלה""]"
2450,2450,מואב,בועז,מואב,בועז,False,"[""בועז מואב""]"
2451,2451,מודעי,יצחק,מודעי,יצחק,False,"[""יצחק מודעי""]"
2452,2452,מוויס,חנא,מוויס,חנא,False,"[""חנא מוויס""]"
496,2453,מויאל,אליהו,מויאל,אליהו,False,"[""אליהו מויאל""]"
497,2454,מועדי,ג'בר,מועדי,ג'בר,False,"[""ג'בר מועדי""]"
2455,2455,מור,דוד,מור,דוד,False,"[""דוד מור""]"
2456,2456,מזור,אליהו,מזור,אליהו,False,"[""אליהו מזור""]"
2457,2457,מזרחי,אליעזר,מזרחי,אליעזר,False,"[""אליעזר מזרחי""]"
2458,2458,מזרחי,יעקב,מזרחי,יעקב,False,"[""יעקב מזרחי""]"
502,2459,מילמן,דב,מילמן,דב,False,"[""דב מילמן""]"
2460,2460,מימון,יהודה לייב,מימון,יהודה לייב,False,"[""יהודה לייב מימון""]"
2461,2461,מימון,עדה,מימון,עדה,False,"[""עדה מימון""]"
2462,2462,מינץ,בנימין,מינץ,בנימין,False,"[""בנימין מינץ""]"
2463,2463,מיעארי,מוחמד,מיעארי,מוחמד,False,"[""מוחמד מיעארי""]"
2464,2464,מיקוניס,שמואל,מיקוניס,שמואל,False,"[""שמואל מיקוניס""]"
84,2465,מירום,חגי,מירום,חגי,False,"[""חגי מירום""]"
508,2466,מלמד,אברהם,מלמד,אברהם,False,"[""אברהם מלמד""]"
156,2467,מנע,דוד,מנע,דוד,False,"[""דוד מנע""]"
87,2468,מרדכי,יצחק,מרדכי,יצחק,False,"[""יצחק מרדכי""]"
2469,2469,מרון,משה,מרון,משה,False,"[""משה מרון""]"
2470,2470,מרידור,אליהו,מרידור,אליהו,False,"[""אליהו מרידור""]"
2471,2471,מרידור,יעקב,מרידור,יעקב,False,"[""יעקב מרידור""]"
2472,2472,מרלין,שמואל,מרלין,שמואל,False,"[""שמואל מרלין""]"
2473,2473,מרציאנו,סעדיה,מרציאנו,סעדיה,False,"[""סעדיה מרציאנו""]"
514,2474,משל,ירוחם,משל,ירוחם,False,"[""ירוחם משל""]"
515,2475,נאמן,יובל,נאמן,יובל,False,"[""יובל נאמן""]"
687,2476,נבון,יצחק,נבון,יצחק,False,"[""יצחק נבון""]"
516,2477,נוף,עקיבא,נוף,עקיבא,False,"[""עקיבא נוף""]"
2478,2478,נורוק,מרדכי,נורוק,מרדכי,False,"[""מרדכי נורוק""]"
2479,2479,נחושתן,יעקב,נחושתן,יעקב,False,"[""יעקב נחושתן""]"
2480,2480,נחלה,אליאס,נחלה,אליאס,False,"[""אליאס נחלה""]"
2481,2481,נחמיאס,אהרן,נחמיאס,אהרן,False,"[""אהרן נחמיאס""]"
157,2482,נחמן,רון,נחמן,רון,False,"[""רון נחמן""]"
2483,2483,נחמקין,אריה,נחמקין,אריה,False,"[""אריה נחמקין""]"
2484,2484,ניצני,יעקב,ניצני,יעקב,False,"[""יעקב ניצני""]"
694,2485,ניר,צביקה,ניר,צביקה,False,"[""צביקה ניר""]"
2486,2486,ניר-רפאלקס,נחום,ניר-רפאלקס,נחום,False,"[""נחום ניר-רפאלקס""]"
158,2487,נמיר,אורה,נמיר,אורה,False,"[""אורה נמיר""]"
2488,2488,נמיר,מרדכי,נמיר,מרדכי,False,"[""מרדכי נמיר""]"
159,2489,נסים,משה,נסים,משה,False,"[""משה נסים""]"
2490,2490,נסראלדין,אמל,נסראלדין,אמל,False,"[""אמל נסראלדין""]"
2491,2491,נעים,רענן,נעים,רענן,False,"[""רענן נעים""]"
2492,2492,נפאע,מוחמד,נפאע,מוחמד,False,"[""מוחמד נפאע""]"
529,2493,נפתלי,פרץ,נפתלי,פרץ,False,"[""פרץ נפתלי""]"
530,2494,נצר,דבורה,נצר,דבורה,False,"[""דבורה נצר""]"
2495,2495,נריה,צבי-משה,נריה,צבי-משה,False,"[""צבי-משה נריה""]"
2496,2496,סבג,אורי,סבג,אורי,False,"[""אורי סבג""]"
2497,2497,סבידור,מנחם,סבידור,מנחם,False,"[""מנחם סבידור""]"
224,2498,סביר,אורי,סביר,אורי,False,"[""אורי סביר""]"
2499,2499,סדן,דב,סדן,דב,False,"[""דב סדן""]"
2500,2500,סוזאייב,זלמן,סוזאייב,זלמן,False,"[""זלמן סוזאייב""]"
2501,2501,סויסה,רפאל,סויסה,רפאל,False,"[""רפאל סויסה""]"
2502,2502,סולודר,עדנה,סולודר,עדנה,False,"[""עדנה סולודר""]"
2503,2503,סורקיס,מרדכי,סורקיס,מרדכי,False,"[""מרדכי סורקיס""]"
2504,2504,סטופ,אברהם,סטופ,אברהם,False,"[""אברהם סטופ""]"
93,2505,סלים,סאלח,סלים,סאלח,False,"[""סאלח סלים""]"
2506,2506,סלימאן,צלאח,סלימאן,צלאח,False,"[""צלאח סלימאן""]"
160,2507,סלמוביץ,אסתר,סלמוביץ,אסתר,False,"[""אסתר סלמוביץ""]"
2508,2508,סמילנסקי,יזהר,סמילנסקי,יזהר,False,"[""יזהר סמילנסקי""]"
2509,2509,סנה,משה,סנה,משה,False,"[""משה סנה""]"
2510,2510,סנהדראי,טובה,סנהדראי,טובה,False,"[""טובה סנהדראי""]"
95,2511,סעד,אחמד,סעד,אחמד,False,"[""אחמד סעד""]"
2512,2512,ספיר,יוסף,ספיר,יוסף,False,"[""יוסף ספיר""]"
2513,2513,ספיר,פנחס,ספיר,פנחס,False,"[""פנחס ספיר""]"
2514,2514,סרדינס,משה,סרדינס,משה,False,"[""משה סרדינס""]"
547,2515,סרטני,אמירה,סרטני,אמירה,False,"[""אמירה סרטני""]"
2516,2516,סרלין,יוסף,סרלין,יוסף,False,"[""יוסף סרלין""]"
2517,2517,עבאס,אברהם,עבאס,אברהם,False,"[""אברהם עבאס""]"
2518,2518,עוביד,דיאב,עוביד,דיאב,False,"[""דיאב עוביד""]"
2519,2519,עוזיאל,ברוך,עוזיאל,ברוך,False,"[""ברוך עוזיאל""]"
2520,2520,עופר,אברהם,עופר,אברהם,False,"[""אברהם עופר""]"
2521,2521,עופר,מרדכי,עופר,מרדכי,False,"[""מרדכי עופר""]"
162,2522,עזרן,יוסף,עזרן,יוסף,False,"[""יוסף עזרן""]"
2523,2523,עטשי,זיידאן,עטשי,זיידאן,False,"[""זיידאן עטשי""]"
161,2524,עלי,עובדיה,עלי,עובדיה,False,"[""עובדיה עלי""]"
2525,2525,עמאר,משה,עמאר,משה,False,"[""משה עמאר""]"
97,2526,עמור,שאול,עמור,שאול,False,"[""שאול עמור""]"
2527,2527,עמית,מאיר,עמית,מאיר,False,"[""מאיר עמית""]"
2528,2528,עמר,שלמה חיים,עמר,שלמה חיים,False,"[""שלמה חיים עמר""]"
2529,2529,פארס,חסיין חוסיין,פארס,חסיין חוסיין,False,"[""חסיין חוסיין פארס""]"
2530,2530,פדר,נפתלי,פדר,נפתלי,False,"[""נפתלי פדר""]"
2531,2531,פורדר,ישעיהו,פורדר,ישעיהו,False,"[""ישעיהו פורדר""]"
99,2532,פורת,חנן,פורת,חנן,False,"[""חנן פורת""]"
250,2533,פייגה,אילנית,פייגה,אילנית,False,"[""אילנית פייגה""]"
561,2534,פיינברג-סירני,עדה,פיינברג-סירני,עדה,False,"[""עדה פיינברג-סירני""]"
562,2535,פיינרמן,עוזי,פיינרמן,עוזי,False,"[""עוזי פיינרמן""]"
2536,2536,פישר,יוסף,פישר,יוסף,False,"[""יוסף פישר""]"
2537,2537,פלאטו-שרון,שמואל,פלאטו-שרון,שמואל,False,"[""שמואל פלאטו-שרון""]"
101,2538,פלד,משה,פלד,משה,False,"[""משה פלד""]"
2539,2539,פלד,מתתיהו,פלד,מתתיהו,False,"[""מתתיהו פלד""]"
566,2540,פלד,נתן,פלד,נתן,False,"[""נתן פלד""]"
2541,2541,פלדמן,משה-זאב,פלדמן,משה-זאב,False,"[""משה-זאב פלדמן""]"
568,2542,פלדמן,ראובן,פלדמן,ראובן,False,"[""ראובן פלדמן""]"
569,2543,פלומין,יחזקאל,פלומין,יחזקאל,False,"[""יחזקאל פלומין""]"
570,2544,פלש,ג'ורג',פלש,ג'ורג',False,"[""ג'ורג' פלש""]"
102,2545,פנחסי,רפאל,פנחסי,רפאל,False,"[""רפאל פנחסי""]"
571,2546,פנקס,דוד-צבי,פנקס,דוד-צבי,False,"[""דוד-צבי פנקס""]"
572,2547,פעיל,מאיר,פעיל,מאיר,False,"[""מאיר פעיל""]"
573,2548,פרומקין,השל,פרומקין,השל,False,"[""השל פרומקין""]"
686,2549,פרוש,מנחם,פרוש,מנחם,False,"[""מנחם פרוש""]"
574,2550,פרח,יהודה,פרח,יהודה,False,"[""יהודה פרח""]"
575,2551,פרי,אליעזר,פרי,אליעזר,False,"[""אליעזר פרי""]"
576,2552,פרידמן,מרשה,פרידמן,מרשה,False,"[""מרשה פרידמן""]"
577,2553,פרידמן,שמחה,פרידמן,שמחה,False,"[""שמחה פרידמן""]"
578,2554,פרלשטיין,שלמה,פרלשטיין,שלמה,False,"[""שלמה פרלשטיין""]"
579,2555,פרמינגר,אליעזר,פרמינגר,אליעזר,False,"[""אליעזר פרמינגר""]"
2556,2556,פרנק,יעקב,פרנק,יעקב,False,"[""יעקב פרנק""]"
581,2557,פרסיץ,שושנה,פרסיץ,שושנה,False,"[""שושנה פרסיץ""]"
582,2558,פרץ,יצחק,פרץ,יצחק,False,"[""יצחק פרץ""]"
163,2559,פרץ,יצחק-חיים,פרץ,יצחק-חיים,False,"[""יצחק-חיים פרץ""]"
164,2560,פת,גדעון,פת,גדעון,False,"[""גדעון פת""]"
583,2561,פתל,דוד,פתל,דוד,False,"[""דוד פתל""]"
106,2562,צאדק חאג'-יחיא,וליד,צאדק חאג'-יחיא,וליד,False,"[""וליד צאדק חאג'-יחיא""]"
165,2563,צבן,יאיר,צבן,יאיר,False,"[""יאיר צבן""]"
2564,2564,צברי,רחל,צברי,רחל,False,"[""רחל צברי""]"
2565,2565,צדוק,חיים יוסף,צדוק,חיים יוסף,False,"[""חיים יוסף צדוק""]"
107,2566,צוקר,דוד,צוקר,דוד,False,"[""דוד צוקר""]"
586,2567,צור,זאב,צור,זאב,False,"[""זאב צור""]"
587,2568,צור,יעקב,צור,יעקב,False,"[""יעקב צור""]"
588,2569,צור,צבי,צור,צבי,False,"[""צבי צור""]"
589,2570,צידון,יואש,צידון,יואש,False,"[""יואש צידון""]"
590,2571,ציזלינג,אהרן,ציזלינג,אהרן,False,"[""אהרן ציזלינג""]"
591,2572,צימרמן,צבי,צימרמן,צבי,False,"[""צבי צימרמן""]"
592,2573,צפורי-הנדין,מרדכי,צפורי-הנדין,מרדכי,False,"[""מרדכי צפורי-הנדין""]"
108,2574,קהלני,אביגדור,קהלני,אביגדור,False,"[""אביגדור קהלני""]"
593,2575,קול,משה,קול,משה,False,"[""משה קול""]"
594,2576,קולס,אליעזר,קולס,אליעזר,False,"[""אליעזר קולס""]"
166,2577,קופמן,חיים,קופמן,חיים,False,"[""חיים קופמן""]"
595,2578,קוק,הלל,קוק,הלל,False,"[""הלל קוק""]"
596,2579,קורן,דוד,קורן,דוד,False,"[""דוד קורן""]"
597,2580,קורן,יצחק,קורן,יצחק,False,"[""יצחק קורן""]"
598,2581,קורפו,חיים,קורפו,חיים,False,"[""חיים קורפו""]"
599,2582,קושניר,יוסף,קושניר,יוסף,False,"[""יוסף קושניר""]"
167,2583,קיסר,ישראל,קיסר,ישראל,False,"[""ישראל קיסר""]"
600,2584,קליבנוב,יעקב,קליבנוב,יעקב,False,"[""יעקב קליבנוב""]"
601,2585,קלינגהופר,יצחק-הנס,קלינגהופר,יצחק-הנס,False,"[""יצחק-הנס קלינגהופר""]"
602,2586,קלמר,משה,קלמר,משה,False,"[""משה קלמר""]"
603,2587,קמין,ברוך,קמין,ברוך,False,"[""ברוך קמין""]"
604,2588,קנב,יצחק,קנב,יצחק,False,"[""יצחק קנב""]"
605,2589,קסיס,מסעד,קסיס,מסעד,False,"[""מסעד קסיס""]"
606,2590,קפלן,אליעזר,קפלן,אליעזר,False,"[""אליעזר קפלן""]"
607,2591,קצב,נוזהת,קצב,נוזהת,False,"[""נוזהת קצב""]"
608,2592,קרגמן,ישראל,קרגמן,ישראל,False,"[""ישראל קרגמן""]"
609,2593,קרמרמן,יוסף,קרמרמן,יוסף,False,"[""יוסף קרמרמן""]"
111,2594,ראם,דוד,ראם,דוד,False,"[""דוד ראם""]"
168,2595,רבין,יצחק,רבין,יצחק,False,"[""יצחק רבין""]"
611,2596,רבינוביץ,יהושע,רבינוביץ,יהושע,False,"[""יהושע רבינוביץ""]"
612,2597,רובין,בן-ציון,רובין,בן-ציון,False,"[""בן-ציון רובין""]"
613,2598,רובין,חנן,רובין,חנן,False,"[""חנן רובין""]"
614,2599,רוזוליו,דניאל,רוזוליו,דניאל,False,"[""דניאל רוזוליו""]"
615,2600,רוזן,פנחס,רוזן,פנחס,False,"[""פנחס רוזן""]"
616,2601,רוזן,שלמה,רוזן,שלמה,False,"[""שלמה רוזן""]"
617,2602,רום,יוסף,רום,יוסף,False,"[""יוסף רום""]"
618,2603,רון,אמרי,רון,אמרי,False,"[""אמרי רון""]"
619,2604,רונן,אליעזר,רונן,אליעזר,False,"[""אליעזר רונן""]"
620,2605,רוקח,ישראל,רוקח,ישראל,False,"[""ישראל רוקח""]"
621,2606,רז,נחמן,רז,נחמן,False,"[""נחמן רז""]"
622,2607,רזיאל-נאור,אסתר,רזיאל-נאור,אסתר,False,"[""אסתר רזיאל-נאור""]"
623,2608,רייסר,מיכאל,רייסר,מיכאל,False,"[""מיכאל רייסר""]"
624,2609,רימלט,אלימלך-שמעון,רימלט,אלימלך-שמעון,False,"[""אלימלך-שמעון רימלט""]"
625,2610,ריפתין,יעקב,ריפתין,יעקב,False,"[""יעקב ריפתין""]"
626,2611,רכטמן,שמואל,רכטמן,שמואל,False,"[""שמואל רכטמן""]"
627,2612,רמז,אהרן,רמז,אהרן,False,"[""אהרן רמז""]"
628,2613,רמז,דוד,רמז,דוד,False,"[""דוד רמז""]"
629,2614,רנר,צבי,רנר,צבי,False,"[""צבי רנר""]"
630,2615,רפאל,יצחק,רפאל,יצחק,False,"[""יצחק רפאל""]"
631,2616,רפטור,ברל,רפטור,ברל,False,"[""ברל רפטור""]"
632,2617,רצון,מנחם,רצון,מנחם,False,"[""מנחם רצון""]"
633,2618,רקנטי,אברהם,רקנטי,אברהם,False,"[""אברהם רקנטי""]"
634,2619,שאג,אברהם חיים,שאג,אברהם חיים,False,"[""אברהם חיים שאג""]"
116,2620,שאקי,אבנר-חי,שאקי,אבנר-חי,False,"[""אבנר-חי שאקי""]"
635,2621,שאקי,שלום אברהם,שאקי,שלום אברהם,False,"[""שלום אברהם שאקי""]"
170,2622,שגב,גונן,שגב,גונן,False,"[""גונן שגב""]"
171,2623,שגיא,גדעון,שגיא,גדעון,False,"[""גדעון שגיא""]"
636,2624,שגיא,יהושע,שגיא,יהושע,False,"[""יהושע שגיא""]"
637,2625,שובל,זלמן,שובל,זלמן,False,"[""זלמן שובל""]"
693,2626,שומר,פנחס,שומר,פנחס,False,"[""פנחס שומר""]"
638,2627,שוסטק,אליעזר,שוסטק,אליעזר,False,"[""אליעזר שוסטק""]"
639,2628,שופמן,יוסף,שופמן,יוסף,False,"[""יוסף שופמן""]"
640,2629,שוקן,גרשום,שוקן,גרשום,False,"[""גרשום שוקן""]"
641,2630,שורש,שמואל,שורש,שמואל,False,"[""שמואל שורש""]"
681,2631,שזר,זלמן,שזר,זלמן,False,"[""זלמן שזר""]"
642,2632,שחור,בנימין,שחור,בנימין,False,"[""בנימין שחור""]"
118,2633,שחל,משה,שחל,משה,False,"[""משה שחל""]"
172,2634,שטרית,שמעון,שטרית,שמעון,False,"[""שמעון שטרית""]"
120,2635,שטרן,אברהם,שטרן,אברהם,False,"[""אברהם שטרן""]"
644,2636,שטרן,דוד,שטרן,דוד,False,"[""דוד שטרן""]"
645,2637,שטרן,מרדכי-חיים,שטרן,מרדכי-חיים,False,"[""מרדכי-חיים שטרן""]"
646,2638,שטרן-קטן,שרה,שטרן-קטן,שרה,False,"[""שרה שטרן-קטן""]"
643,2639,שיטרית,בכור-שלום,שיטרית,בכור-שלום,False,"[""בכור-שלום שיטרית""]"
647,2640,שיכמן,שבתאי,שיכמן,שבתאי,False,"[""שבתאי שיכמן""]"
648,2641,שילוח,צבי,שילוח,צבי,False,"[""צבי שילוח""]"
173,2642,שילנסקי,דב,שילנסקי,דב,False,"[""דב שילנסקי""]"
649,2643,שינמן,פנחס,שינמן,פנחס,False,"[""פנחס שינמן""]"
2644,2644,שיפמן,דוד,שיפמן,דוד,False,"[""דוד שיפמן""]"
651,2645,שכטרמן,אברהם,שכטרמן,אברהם,False,"[""אברהם שכטרמן""]"
652,2646,שלום,אפרים,שלום,אפרים,False,"[""אפרים שלום""]"
653,2647,שליטא,בני,שליטא,בני,False,"[""בני שליטא""]"
654,2648,שם-טוב,ויקטור,שם-טוב,ויקטור,False,"[""ויקטור שם-טוב""]"
174,2649,שמאי,יעקב,שמאי,יעקב,False,"[""יעקב שמאי""]"
124,2650,שמואלי,דורון,שמואלי,דורון,False,"[""דורון שמואלי""]"
655,2651,שמחונית,יהודית,שמחונית,יהודית,False,"[""יהודית שמחונית""]"
175,2652,שמיר,יצחק,שמיר,יצחק,False,"[""יצחק שמיר""]"
656,2653,שמיר,משה,שמיר,משה,False,"[""משה שמיר""]"
657,2654,שמעוני,חביב,שמעוני,חביב,False,"[""חביב שמעוני""]"
658,2655,שערי,יהודה,שערי,יהודה,False,"[""יהודה שערי""]"
659,2656,שפט,גרשון,שפט,גרשון,False,"[""גרשון שפט""]"
660,2657,שפטל,אריה,שפטל,אריה,False,"[""אריה שפטל""]"
176,2658,שפי,יעקב,שפי,יעקב,False,"[""יעקב שפי""]"
661,2659,שפייזר,אליהו,שפייזר,אליהו,False,"[""אליהו שפייזר""]"
177,2660,שפירא,אברהם,שפירא,אברהם,False,"[""אברהם שפירא""]"
663,2661,שפירא,חיים משה,שפירא,חיים משה,False,"[""חיים משה שפירא""]"
665,2662,שפירא,יעקב-שמשון,שפירא,יעקב-שמשון,False,"[""יעקב-שמשון שפירא""]"
666,2663,שפר,זאב,שפר,זאב,False,"[""זאב שפר""]"
667,2664,שפרינצק,יאיר,שפרינצק,יאיר,False,"[""יאיר שפרינצק""]"
668,2665,שפרינצק,יוסף,שפרינצק,יוסף,False,"[""יוסף שפרינצק""]"
669,2666,שרי,ראובן,שרי,ראובן,False,"[""ראובן שרי""]"
670,2667,שריר,אברהם,שריר,אברהם,False,"[""אברהם שריר""]"
671,2668,שרף,זאב,שרף,זאב,False,"[""זאב שרף""]"
673,2669,ששון,אליהו,ששון,אליהו,False,"[""אליהו ששון""]"
674,2670,ששון-סילס,בנימין,ששון-סילס,בנימין,False,"[""בנימין ששון-סילס""]"
675,2671,תבורי,אפרים,תבורי,אפרים,False,"[""אפרים תבורי""]"
2672,2672,תיכון,דן,תיכון,דן,False,"[""דן תיכון""]"
676,2673,תלמי,אמה,תלמי,אמה,False,"[""אמה תלמי""]"
677,2674,תלמי,מאיר,תלמי,מאיר,False,"[""מאיר תלמי""]"
678,2675,תמיר,יוסף,תמיר,יוסף,False,"[""יוסף תמיר""]"
679,2676,תמיר,שמואל,תמיר,שמואל,False,"[""שמואל תמיר""]"
759,3175,גולן,אראלה,גולן,אראלה,False,"[""אראלה גולן""]"
698,3256,גרי,יעקב מאיר,גרי,יעקב מאיר,False,"[""יעקב מאיר גרי""]"
701,3257,דולצ'ין,אריה,דולצ'ין,אריה,False,"[""אריה דולצ'ין""]"
700,3258,טולידאנו,יעקב משה,טולידאנו,יעקב משה,False,"[""יעקב משה טולידאנו""]"
699,3259,כהן,חיים,כהן,חיים,False,"[""חיים כהן""]"
702,3260,כץ,ישראל,כץ,ישראל,False,"[""ישראל כץ""]"
706,3261,נאמן,יעקב,נאמן,יעקב,False,"[""יעקב נאמן""]"
705,3262,עמיטל,יהודה,עמיטל,יהודה,False,"[""יהודה עמיטל""]"
703,3263,שפירא,יוסף,שפירא,יוסף,False,"[""יוסף שפירא""]"
760,4035,רוזנבלום,פנינה,רוזנבלום,פנינה,False,"[""פנינה רוזנבלום""]"
761,4155,אילן,טובה,אילן,טובה,False,"[""טובה אילן""]"
762,4156,צור,רונן,צור,רונן,False,"[""רונן צור""]"
4175,4175,קורן,דני,קורן,דני,False,"[""דני קורן""]"
764,4217,טרטמן,אסתרינה,טרטמן,אסתרינה,False,"[""אסתרינה טרטמן""]"
4218,4218,אנג'ל,אורנה,אנג'ל,אורנה,False,"[""אורנה אנג'ל""]"
766,4235,דוברין,נטע,דוברין,נטע,False,"[""נטע דוברין""]"
789,4295,סוייד,חנא,סוייד,חנא,False,"[""חנא סוייד""]"
800,4297,צרצור,אברהים,צרצור,אברהים,False,"[""אברהים צרצור""]"
794,4298,איתן,רפי,איתן,רפי,False,"[""רפי איתן""]"
796,4299,בן-יזרי,יעקב,בן-יזרי,יעקב,False,"[""יעקב בן-יזרי""]"
803,4300,שרוני,משה,שרוני,משה,False,"[""משה שרוני""]"
777,4301,זיו,יצחק,זיו,יצחק,False,"[""יצחק זיו""]"
799,4302,גלנטי,יצחק,גלנטי,יצחק,False,"[""יצחק גלנטי""]"
798,4303,גלזר,אלחנן,גלזר,אלחנן,False,"[""אלחנן גלזר""]"
787,4304,מרום שלו,שרה,מרום שלו,שרה,False,"[""שרה מרום שלו""]"
772,4355,חסון,יואל,חסון,יואל,False,"[""יואל חסון""]"
770,4375,דותן,עמירה,דותן,עמירה,False,"[""עמירה דותן""]"
781,4376,חסון,ישראל,חסון,ישראל,False,"[""ישראל חסון""]"
771,4395,דיכטר,אבי,דיכטר,אבי,True,"[""אברהם דיכטר"", ""אבי דיכטר"", ""אבי (משה) דיכטר""]"
775,4396,רייכמן,אוריאל,רייכמן,אוריאל,False,"[""אוריאל רייכמן""]"
768,4397,אלקין,זאב,אלקין,זאב,True,"[""זאב אלקין""]"
767,4398,בן-ששון,מנחם,בן-ששון,מנחם,False,"[""מנחם בן-ששון""]"
769,4399,ברזניץ,שלמה,ברזניץ,שלמה,False,"[""שלמה ברזניץ""]"
774,4400,תירוש,רונית,תירוש,רונית,False,"[""רונית תירוש""]"
776,4401,שנלר,עתניאל,שנלר,עתניאל,False,"[""עתניאל שנלר""]"
773,4402,יצחקי,אביגדור,יצחקי,אביגדור,False,"[""אביגדור יצחקי""]"
788,4403,מרציאנו,יורם,מרציאנו,יורם,False,"[""יורם מרציאנו""]"
779,4404,חילו,נאדיה,חילו,נאדיה,False,"[""נאדיה חילו""]"
782,4405,יחימוביץ',שלי,יחימוביץ',שלי,False,"[""רחל שלי יחימוביץ'"", ""שלי יחימוביץ"", ""שלי יחימוביץ׳"", ""שלי יחימוביץ'"", ""שלי ייחימוביץ׳"", ""שלי ייחימוביץ""]"
792,4406,אילון,עמיחי,אילון,עמיחי,False,"[""עמיחי אילון""]"
797,4407,ברוורמן,אבישי,ברוורמן,אבישי,False,"[""אבישי ברוורמן""]"
802,4408,שמטוב,ליה,שמטוב,ליה,False,"[""ליה שמטוב""]"
785,4409,מילר,אלכס,מילר,אלכס,False,"[""אלכס מילר""]"
801,4410,שגל,יוסף,שגל,יוסף,False,"[""יוסף שגל""]"
786,4411,מיסז'ניקוב,סטס,מיסז'ניקוב,סטס,False,"[""סטס מיסז'ניקוב""]"
793,4412,אילטוב,רוברט,אילטוב,רוברט,False,"[""רוברט אילטוב"", ""רוברט אלטוב""]"
790,4413,אהרונוביץ',יצחק,אהרונוביץ',יצחק,False,"[""יצחק אהרונוביץ'""]"
783,4414,כהן,יעקב,כהן,יעקב,False,"[""יעקב כהן""]"
778,4415,זכור,עבאס,זכור,עבאס,False,"[""עבאס זכור""]"
780,4416,חנין,דב,חנין,דב,False,"[""דוב חנין"", ""דב חנין""]"
791,4417,אטיאס,אריאל,אטיאס,אריאל,False,"[""אריאל אטיאס""]"
795,4418,אמסלם,חיים,אמסלם,חיים,False,"[""חיים אמסלם""]"
784,4419,מיכאלי,אברהם,מיכאלי,אברהם,False,"[""אברהם מיכאלי""]"
804,4635,חרמש,שי,חרמש,שי,False,"[""שי חרמש""]"
5395,5395,בלשניקוב,אבי,בלשניקוב,אבי,False,"[""אבי בלשניקוב""]"
5895,5895,ורדי,הרצל,ורדי,הרצל,False,"[""הרצל ורדי""]"
5897,5897,לוריא,צבי,לוריא,צבי,False,"[""צבי לוריא""]"
5898,5898,סגל,צבי,סגל,צבי,False,"[""צבי סגל""]"
5899,5899,שטנר,מרדכי,שטנר,מרדכי,False,"[""מרדכי שטנר""]"
5900,5900,שטרנברג,בן-ציון,שטרנברג,בן-ציון,False,"[""בן-ציון שטרנברג""]"
5901,5901,אוסטר,דניאל ,אוסטר,דניאל ,False,"[""דניאל אוסטר""]"
5902,5902,ברלין,אליהו,ברלין,אליהו,False,"[""אליהו ברלין""]"
5903,5903,גולד,זאב,גולד,זאב,False,"[""זאב גולד""]"
707,5904,גרינבוים,יצחק,גרינבוים,יצחק,False,"[""יצחק גרינבוים""]"
5906,5906,דובקין,אליהו,דובקין,אליהו,False,"[""אליהו דובקין""]"
5907,5907,כובאשי,סעדיה,כובאשי,סעדיה,False,"[""סעדיה כובאשי""]"
5908,5908,קצנלסון,אברהם,קצנלסון,אברהם,False,"[""אברהם קצנלסון""]"
5909,5909,פישמן,יהודה לייב הכהן,פישמן,יהודה לייב הכהן,False,"[""יהודה לייב הכהן פישמן""]"
610,5955,קשת,בן-ציון,קשת,בן-ציון,False,"[""בן-ציון קשת""]"
491,5956,לסקוב,ציפורה,לסקוב,ציפורה,False,"[""ציפורה לסקוב""]"
5975,5975,אופיר,אריה,אופיר,אריה,False,"[""אריה אופיר""]"
5976,5976,אירסרזון,זאב,אירסרזון,זאב,False,"[""זאב אירסרזון""]"
5977,5977,בורלא,יהודה,בורלא,יהודה,False,"[""יהודה בורלא""]"
5978,5978,ברלין,מאיר,ברלין,מאיר,False,"[""מאיר ברלין""]"
5979,5979,הגר,מנחם,הגר,מנחם,False,"[""מנחם הגר""]"
5980,5980,הרטמן,מאיר,הרטמן,מאיר,False,"[""מאיר הרטמן""]"
5981,5981,וילקומיץ,אסף,וילקומיץ,אסף,False,"[""אסף וילקומיץ""]"
5982,5982,וינשטיין,ברוך,וינשטיין,ברוך,False,"[""ברוך וינשטיין""]"
5983,5983,טצה,משה,טצה,משה,False,"[""משה טצה""]"
5984,5984,כהן,ישראל,כהן,ישראל,False,"[""ישראל כהן""]"
5985,5985,כצנלסון,רחל,כצנלסון,רחל,False,"[""רחל כצנלסון""]"
5986,5986,לופבן,יצחק,לופבן,יצחק,False,"[""יצחק לופבן""]"
5987,5987,למברגר,שמואל,למברגר,שמואל,False,"[""שמואל למברגר""]"
5988,5988,לנדוי,יעקב,לנדוי,יעקב,False,"[""יעקב לנדוי""]"
5989,5989,משאט,יהודה,משאט,יהודה,False,"[""יהודה משאט""]"
5990,5990,סירקיס,דניאל,סירקיס,דניאל,False,"[""דניאל סירקיס""]"
5991,5991,רובין,יעקב,רובין,יעקב,False,"[""יעקב רובין""]"
5992,5992,שוורץ,קופל,שוורץ,קופל,False,"[""קופל שוורץ""]"
805,6076,רותם,דוד,רותם,דוד,False,"[""דוד רותם""]"
806,6095,פרידמן,דניאל,פרידמן,דניאל,False,"[""דניאל פרידמן""]"
807,6235,נפאע,סעיד,נפאע,סעיד,False,"[""סעיד נפאע""]"
6835,6835,ינון,איל,ינון,איל,False,"[""איל ינון""]"
808,7035,בן ישראל,יצחק,בן ישראל,יצחק,False,"[""יצחק בן ישראל""]"
809,7736,פלסנר,יוחנן,פלסנר,יוחנן,False,"[""יוחנן פלסנר""]"
810,9315,מולה,שלמה,מולה,שלמה,False,"[""שלמה מולה""]"
9615,9615,בר,יחיאל חיליק,בר,יחיאל חיליק,False,"[""יחיאל חיליק בר""]"
811,10355,בהיינה,מזור,בהיינה,מזור,False,"[""מזור בהיינה""]"
812,10555,שנאן,שכיב מוראד,שנאן,שכיב מוראד,False,"[""שכיב מוראד שנאן""]"
813,11235,ליטינצקי,לאון,ליטינצקי,לאון,False,"[""לאון ליטינצקי""]"
11436,11436,סחרוביץ,אלברט,סחרוביץ,אלברט,False,"[""אלברט סחרוביץ""]"
814,11835,מקלב,אורי,מקלב,אורי,True,"[""אורי מקלב""]"
815,12595,גרינפילד,צביה,גרינפילד,צביה,False,"[""צביה גרינפילד""]"
816,12835,פולק,יהושע מנחם,פולק,יהושע מנחם,False,"[""יהושע מנחם פולק""]"
820,12935,אדטו,רחל,אדטו,רחל,False,"[""רחל אדטו""]"
842,12936,אגבאריה,עפו,אגבאריה,עפו,False,"[""עפו אגבאריה""]"
830,12937,אקוניס,אופיר,אקוניס,אופיר,False,"[""אופיר אקוניס""]"
837,12938,עמאר,חמד,עמאר,חמד,True,"[""חאמד עמר"", ""חאמד עמאר"", ""חאמר עאמר"", ""חמד עמאר"", ""חמד עמר""]"
833,12939,אילון,דניאל,אילון,דניאל,False,"[""דניאל אילון""]"
817,12941,בילסקי,זאב,בילסקי,זאב,False,"[""זאב בילסקי""]"
841,12942,בן-ארי,מיכאל,בן-ארי,מיכאל,False,"[""מיכאל בן-ארי""]"
821,12943,ביבי,אריה,ביבי,אריה,False,"[""אריה ביבי""]"
828,12944,דנון,דני,דנון,דני,False,"[""דני דנון""]"
844,12945,גנאים,מסעוד,גנאים,מסעוד,False,"[""מסעוד גנאיים"", ""מסעוד גנאים""]"
847,12946,הרשקוביץ,דניאל,הרשקוביץ,דניאל,False,"[""דניאל הרשקוביץ""]"
843,12947,הורוביץ,ניצן,הורוביץ,ניצן,False,"[""ניצן הורוביץ""]"
825,12948,חוטובלי,ציפי,חוטובלי,ציפי,False,"[""ציפי חוטובולי"", ""ציפי חטובלי"", ""ציפי חוטובלי""]"
840,12949,כץ,יעקב,כץ,יעקב,False,"[""יעקב כץ""]"
835,12950,קירשנבאום,פניה,קירשנבאום,פניה,False,"[""פניה קירשנבאום""]"
826,12951,לוין,יריב,לוין,יריב,True,"[""יריב לווין"", ""יריב לוין""]"
832,12952,לוי אבקסיס,אורלי,לוי אבקסיס,אורלי,False,"[""אורלי לוי- אבוקסיס"", ""אורלי לוי-אבקסיס"", ""אורלי לוי אבקסיס"", ""אורלי לוי אבוקסיס""]"
838,12953,מטלון,משה (מוץ),מטלון,משה (מוץ),False,"[""משה (מוץ) מטלון""]"
834,12954,מיכאלי,אנסטסיה,מיכאלי,אנסטסיה,False,"[""אנסטסיה מיכאלי""]"
839,12955,מוזס,מנחם אליעזר,מוזס,מנחם אליעזר,False,"[""אליעזר מוזס"", ""מנחם מוזס"", ""מנחם אליעזר מוזס""]"
845,12956,אורבך,אורי,אורבך,אורי,False,"[""אורי אורבך""]"
824,12957,פלד,יוסי,פלד,יוסי,False,"[""יוסי פלד""]"
827,12958,פיניאן,ציון,פיניאן,ציון,False,"[""ציון פיניאן""]"
831,12959,רגב,מירי מרים,רגב,מירי מרים,True,"[""מירי רגב"", ""(מרים) מירי רגב"", ""מירי מרים רגב""]"
829,12960,שאמה-הכהן,כרמל,שאמה-הכהן,כרמל,False,"[""כרמל שאמה-הכהן""]"
12961,12961,שי,נחמן,שי,נחמן,False,"[""נחמן שי""]"
819,12962,טיבייב,רוברט,טיבייב,רוברט,False,"[""רוברט טיבייב""]"
823,12963,יעלון,משה,יעלון,משה,False,"[""משה יעלון""]"
846,12964,זועבי,חנין,זועבי,חנין,False,"[""חנין זואבי"", ""חנין זועבי""]"
822,12965,זוארץ,אורית,זוארץ,אורית,False,"[""אורית זוארץ""]"
836,12966,בן-סימון,דניאל,בן-סימון,דניאל,False,"[""דניאל בן-סימון""]"
848,13830,שמאלוב-ברקוביץ,יוליה,שמאלוב-ברקוביץ,יוליה,False,"[""יוליה שמאלוב-ברקוביץ""]"
13955,13955,לנדאו,דן,לנדאו,דן,False,"[""דן לנדאו""]"
849,14470,וילף,עינת,וילף,עינת,False,"[""עינת וילף""]"
850,17630,אבסדזה,נינו,אבסדזה,נינו,False,"[""נינו אבסדזה""]"
851,18990,אביטל,דורון,אביטל,דורון,False,"[""דורון אביטל""]"
852,21431,דואן,אברהם,דואן,אברהם,False,"[""אברהם דואן""]"
853,22091,צלנר,יובל,צלנר,יובל,False,"[""יובל צלנר""]"
854,22151,חסון,אכרם,חסון,אכרם,True,"[""אקרם חסון"", ""אכרם חסון""]"
855,22811,דבאח,אחמד,דבאח,אחמד,False,"[""אחמד דבאח""]"
856,22911,אדמסו,אללי,אדמסו,אללי,False,"[""אללי אדמסו""]"
864,23511,בנט,נפתלי,בנט,נפתלי,False,"[""נפטלי בנט"", ""נפתלי בנט"", ""בנט נפתלי""]"
904,23512,שקד,אילת,שקד,אילת,False,"[""שקד איילת"", ""אילת שקד"", ""איילת שקד"", ""איילת בן-שאול"", ""איילת בן-שאול שקד""]"
863,23531,בן-דהן,אלי,בן-דהן,אלי,False,"[""בן דהן אליהו"", ""אלי דהן בן"", ""אלי בן-דהן"", ""אלי בן דהן""]"
893,23532,כלפה,זבולון,כלפה,זבולון,False,"[""זבולון כלפה""]"
870,23533,וורצמן,אברהם,וורצמן,אברהם,False,"[""אברהם וורצמן""]"
873,23534,יוגב,מרדכי,יוגב,מרדכי,False,"[""מורדכי יוגב"", ""מרדכי יוגב"", ""יוגב מרדכי"", ""מוטי יוגב""]"
884,23551,סטרוק,אורית מלכה,סטרוק,אורית מלכה,True,"[""אורית מלכה סטרוק""]"
898,23552,שטבון,יוני,שטבון,יוני,False,"[""יוני שטבון""]"
879,23553,מועלם-רפאלי,שולי,מועלם-רפאלי,שולי,False,"[""שולי מועלם"", ""שולי רפאלי"", ""מועלם-רפאלי שולי"", ""שולי מועלם רפאלי"", ""שולי מועלם-רפאלי""]"
902,23555,שמיר,יאיר,שמיר,יאיר,False,"[""יאיר שמיר""]"
885,23556,פייגלין,משה זלמן,פייגלין,משה זלמן,False,"[""משה זלמן פייגלין""]"
859,23557,אוחיון,שמעון,אוחיון,שמעון,False,"[""שמעון אוחיון""]"
914,23558,ביטן,דוד,ביטן,דוד,True,"[""דויד ביטן"", ""דוד ביתן"", ""דוד ביטן""]"
956,23560,מלינובסקי,יוליה,מלינובסקי,יוליה,True,"[""יוליה מלינובסקי""]"
912,23564,אמסלם,דוד,אמסלם,דוד,True,"[""דוד אמסלם"", ""דויד אמסלם""]"
881,23565,מיכאלי,מרב,מיכאלי,מרב,True,"[""מירב מיכאלי"", ""מיכאלי מירב"", ""מרב מיכאלי""]"
903,23566,שפיר,סתיו,שפיר,סתיו,False,"[""סתיו שפיר"", ""שפיר סתיו"", ""סתו שפיר""]"
882,23567,מרגלית,אראל,מרגלית,אראל,False,"[""מרגלית נחום אראל"", ""הראל מרגלית"", ""אראל מרגלית""]"
901,23568,שמולי,איציק,שמולי,איציק,False,"[""שמולי יצחק"", ""איציק יצחק שמולי"", ""איציק שמולי""]"
896,23569,רוזנטל,מיקי,רוזנטל,מיקי,False,"[""מיכאל רוזנטל"", ""מיקי מיכאל משה רוזנטל"", ""מיקי רוזנטל""]"
23570,23570,בירן,מיכל,בירן,מיכל,False,"[""מיכל בירן""]"
880,23571,מזרחי,משה,מזרחי,משה,False,"[""משה מזרחי""]"
940,23572,עטר,דניאל,עטר,דניאל,False,"[""דניאל עטר""]"
23573,23573,יונה,יוסי,יונה,יוסי,False,"[""יוסי יונה""]"
899,23591,שטרן,אלעזר,שטרן,אלעזר,True,"[""שטרן אלעזר"", ""אלעזר שטרן""]"
890,23592,צור,דוד,צור,דוד,False,"[""דוד צור""]"
878,23594,לפיד,יאיר,לפיד,יאיר,True,"[""לפיד יאיר"", ""יאיר לפיד""]"
886,23595,פירון,שי,פירון,שי,False,"[""שי פירון""]"
868,23596,גרמן,יעל,גרמן,יעל,False,"[""יעל גרמן"", ""גרמן יעל""]"
874,23597,כהן,מאיר,כהן,מאיר,True,"[""מאיר כוהן"", ""כהן מאיר"", ""מאיר כהן""]"
887,23598,פרי,יעקב,פרי,יעקב,False,"[""פרי יעקב"", ""יעקב פרי""]"
875,23599,לביא,עליזה,לביא,עליזה,False,"[""עליסה לביא"", ""עליזה לביא"", ""לביא עליזה""]"
900,23600,שלח,עפר,שלח,עפר,False,"[""עופר שלח"", ""שלח עפר"", ""עפר שלח""]"
897,23601,רזבוזוב,יואל,רזבוזוב,יואל,False,"[""יואל רזבוזוב"", ""רזבוגוב יואל"", ""יואל רזובוז"", ""קונסטנטין יואל רזבוזוב""]"
891,23602,קול,עדי,קול,עדי,False,"[""עדי קול""]"
23631,23631,אלהרר,קארין,אלהרר,קארין,True,"[""קארין אלהרר""]"
876,23632,לוי,מיקי,לוי,מיקי,True,"[""מיקי לוי"", ""מיכאל לוי"", ""לוי מיקי""]"
883,23633,סולומון,שמעון,סולומון,שמעון,False,"[""שמעון סולומון""]"
892,23634,קלדרון,רות,קלדרון,רות,False,"[""רות קלדרון""]"
905,23635,תמנו,פנינה,תמנו,פנינה,True,"[""פנינה תמנו""]"
23636,23636,פרנקל,רינה,פרנקל,רינה,False,"[""רינה פרנקל""]"
894,23637,קריב,יפעת,קריב,יפעת,False,"[""יפעת קריב""]"
877,23638,ליפמן,דב,ליפמן,דב,False,"[""דב ליפמן""]"
872,23639,טופורובסקי,בועז,טופורובסקי,בועז,False,"[""בועז טופורובסקי""]"
869,23640,הופמן,רונן,הופמן,רונן,False,"[""רונן הופמן""]"
23641,23641,אשר,יעקב,אשר,יעקב,True,"[""יעקב אשר""]"
857,23642,אבו עראר,טלב,אבו עראר,טלב,False,"[""טאלב אבו ערר"", ""טאלב אבו- ערר"", ""טאלב אבו-עראר"", ""טלב אבו-עראר"", ""טלב אבו עראר"", ""טאלב אבו עראר"", ""טלב אבו ערר"", ""אבו עראר טלב""]"
867,23643,גטאס,באסל,גטאס,באסל,False,"[""באסל גטאס""]"
871,23651,זנדברג,תמר,זנדברג,תמר,False,"[""תמר זנדברג"", ""תמי זנדברג"", ""זנדברג תמר""]"
888,23652,פריג',עיסאווי,פריג',עיסאווי,False,"[""פריג` עיסווי"", ""עיסווי פריג`"", ""עיסאווי פריג"", ""עיסווי פריג"", ""עיסאווי פריג'"", ""עיסאוי פריג"", ""עיסאווי פריג`""]"
895,23653,רוזין,מיכל,רוזין,מיכל,False,"[""רוזין מיכל"", ""מיכל רוזין""]"
866,23673,בר לב,עמר,בר לב,עמר,False,"[""עומר בר-לב"", ""עמר בר-לב"", ""עומר בר- לב"", ""עמר בר לב"", ""עומר בר לב""]"
24332,24332,פלוט,רונן,פלוט,רונן,False,"[""רונן פלוט""]"
906,28513,בן צור,יואב,בן צור,יואב,True,"[""יואב בן צור"", ""בן צור יואב"", ""יואב בן-צור""]"
907,29855,אדרי,ליאור,אדרי,ליאור,False,"[""ליאור אדרי""]"
908,30014,הורוביץ,הלל אילן,הורוביץ,הלל אילן,False,"[""הלל אילן הורוביץ""]"
930,30054,מגל,ינון,מגל,ינון,False,"[""ינון מגל""]"
936,30055,סמוטריץ',בצלאל,סמוטריץ',בצלאל,True,"[""בצלאל סמוטריץ'"", ""בצלאל סמוטריץ""]"
929,30056,לוי,ז'קי,לוי,ז'קי,False,"[""גקי לוי"", ""ז`קי לוי"", ""ז'קי לוי"", ""זקי לוי"", ""ג'קי לוי""]"
945,30057,קיש,יואב,קיש,יואב,True,"[""יואב קיש""]"
922,30058,זוהר,מכלוף מיקי,זוהר,מכלוף מיקי,True,"[""מיקי זוהר"", ""מכלוף מיקי זוהר"", ""מכלוף זוהר"", ""מיקי זהר"", ""מכלוף מיקי""]"
918,30059,ברקו,ענת,ברקו,ענת,False,"[""ענת ברקו""]"
925,30060,טרכטנברג,מנואל,טרכטנברג,מנואל,False,"[""מנואל טרכטנברג"", ""עמנואל טרכטנברג""]"
935,30061,סויד,רויטל,סויד,רויטל,False,"[""רויטל סואיד"", ""רויטל סועיד"", ""רויטל סוויד"", ""רויטל סויד""]"
913,30062,בהלול,זוהיר,בהלול,זוהיר,False,"[""זוהר בהלול"", ""זוהיר בהלול""]"
917,30063,ברושי,איתן,ברושי,איתן,False,"[""איתן ברושי""]"
934,30064,סבטלובה,קסניה,סבטלובה,קסניה,False,"[""קסניה סבטלובה"", ""קסנייה סבטלובה""]"
933,30065,נחמיאס ורבין,איילת,נחמיאס ורבין,איילת,False,"[""איילת נחמיאס ורבין"", ""איילת נחמיאס-ורבין"", ""אילת נחמיאס-ורבין"", ""אילת נחמיאס ורבין""]"
938,30066,עודה,איימן,עודה,איימן,True,"[""איימן עודה"", ""אימן אודה"", ""איימן אודה"", ""אימן עודה""]"
948,30067,תומא סלימאן,עאידה,תומא סלימאן,עאידה,True,"[""עאידה תומה סלימאן"", ""עאידה תומא סלימאן"", ""עאידה תומא סלימן"", ""עידה תומא סלימאן"", ""עיידה תומא סלימאן""]"
923,30068,חאג' יחיא,עבד אל חכים,חאג' יחיא,עבד אל חכים,False,"[""עבד אלחכים חאג'-יחיא"", ""עבד אל חכים חאג' יחיא"", ""עבד אל חכים חאג` יחיא"", ""עבד אלחכים חאג' יחיא"", ""עבד אלחכים חאג`-יחיא"", ""עבד אל חכים חאג`-יחיא"", ""עבד אל-חכים חאג'-יחיא"", ""עבד אלחכים חאג` יחיא"", ""עבד אל חכים חאג'-יחיא"", ""עבד אל-חכים חאג` יחיא""]"
919,30069,ג'בארין,יוסף,ג'בארין,יוסף,False,"[""יוסף ג'וברין"", ""יוסף גבארין"", ""יוסף ג`אברין"", ""יוסף ג`בארין"", ""יוסף גברין"", ""יוסף ג'בארין""]"
937,30070,סעדי,אוסאמה,סעדי,אוסאמה,False,"[""אוסאמה סאדי"", ""אוסמה סעדי"", ""אוסאמה סעדי"", ""אוסאמה סדי""]"
909,30071,אבו מערוף,עבדאללה,אבו מערוף,עבדאללה,False,"[""עבדאללה אבו מערוף""]"
927,30074,ילין,חיים,ילין,חיים,False,"[""חיים ילין""]"
920,30076,גל,שרון,גל,שרון,False,"[""שרון גל""]"
921,30077,גלנט,יואב,גלנט,יואב,False,"[""יואב גלנט""]"
911,30078,אלאלוף,אלי,אלאלוף,אלי,False,"[""אלי אל-אלוף"", ""אלי אלאלוף"", ""אלי אל אלוף"", ""אלי אללוף""]"
910,30079,אורן,מיכאל,אורן,מיכאל,False,"[""מייקל אורן"", ""מיכאל אורן"", ""מיכאל מייקל ב. אורן""]"
939,30080,עזריה,רחל,עזריה,רחל,False,"[""רחל עזרייה"", ""רחלי עזריה"", ""רחל עזריה"", ""רחל עזריא""]"
942,30081,פלוסקוב,טלי,פלוסקוב,טלי,False,"[""טלי פלסקוב"", ""טלי פלוסקוב""]"
946,30082,שאשא ביטון,יפעת,שאשא ביטון,יפעת,False,"[""יפעת ביטון"", ""יפעת שאשא-ביטון"", ""יפעת שאשא - ביטון"", ""יפעת שאשא ביטון"", ""יפעת שאשא""]"
928,30083,כהן,אלי,כהן,אלי,True,"[""אלי כהן""]"
941,30084,פולקמן,רועי,פולקמן,רועי,False,"[""רועי פלקמן"", ""רואי פולקמן"", ""רוי פולקמן"", ""רועי פולקמן""]"
943,30094,בוקר,נאוה,בוקר,נאוה,False,"[""נאווה בוקר"", ""נאוה בקר"", ""נווה בוקר"", ""נאווה בקר"", ""נאוה בוקר""]"
932,30095,נגוסה,אברהם,נגוסה,אברהם,False,"[""אברהם נגוסה"", ""אברהם נאגוסה""]"
944,30096,קורן,נורית,קורן,נורית,False,"[""נורית קורן""]"
931,30097,מזוז,ירון,מזוז,ירון,False,"[""ירון מזוז""]"
924,30098,חזן,אורן אסף,חזן,אורן אסף,False,"[""אורן אסף חזן""]"
916,30099,בן ראובן,איל,בן ראובן,איל,False,"[""אייל בן-ראובן"", ""אייל בן - ראובן"", ""איל בן - ראובן"", ""איל בן ראובן"", ""אייל בן ראובן"", ""איל בן-ראובן""]"
915,30102,בן ארי,מירב,בן ארי,מירב,True,"[""מירב  בן-ארי"", ""מרב בן ארי"", ""מרב בן-ארי"", ""מירב בן ארי""]"
30106,30106,לזימי,נעמה,לזימי,נעמה,True,"[""נעמה לזימי""]"
30117,30117,גבאי,אבי,גבאי,אבי,False,"[""אבי גבאי""]"
30118,30118,השכל,שרן מרים,השכל,שרן מרים,True,"[""שרן מרים השכל""]"
30121,30121,פורר,עודד,פורר,עודד,True,"[""עודד פורר""]"
30289,30289,כהן-פארן,יעל,כהן-פארן,יעל,False,"[""יעל כהן-פארן""]"
30299,30299,נתונים,אין,נתונים,אין,False,"[""אין נתונים""]"
30300,30300,אוחנה,אמיר,אוחנה,אמיר,True,"[""אמיר אוחנה""]"
30328,30328,גואטה,יגאל,גואטה,יגאל,False,"[""יגאל גואטה""]"
30407,30407,גליק,יהודה,גליק,יהודה,False,"[""יהודה גליק""]"
30470,30470,מלכיאלי,מיכאל,מלכיאלי,מיכאל,True,"[""מיכאל מלכיאלי""]"
30480,30480,בצלאל,אברהם,בצלאל,אברהם,False,"[""אברהם בצלאל""]"
30520,30520,אזברגה,ג'מעה,אזברגה,ג'מעה,False,"[""ג'מעה אזברגה""]"
30548,30548,אלחרומי,סעיד,אלחרומי,סעיד,False,"[""סעיד אלחרומי""]"
30549,30549,סיידה,דן,סיידה,דן,False,"[""דן סיידה""]"
30550,30550,חג'אזי,אבראהים,חג'אזי,אבראהים,False,"[""אבראהים חג'אזי""]"
30554,30554,סעד,סאלח,סעד,סאלח,False,"[""סאלח סעד""]"
30555,30555,פדידה,לאה,פדידה,לאה,False,"[""לאה פדידה""]"
30558,30558,עטאונה,יוסף,עטאונה,יוסף,False,"[""יוסף עטאונה""]"
30588,30588,יונס,ואאל,יונס,ואאל,False,"[""ואאל יונס""]"
30601,30601,אזולאי,ינון,אזולאי,ינון,True,"[""ינון אזולאי""]"
30628,30628,אבו רחמון,ניבין,אבו רחמון,ניבין,False,"[""ניבין אבו רחמון""]"
30646,30646,מארק,אוסנת הילה,מארק,אוסנת הילה,False,"[""אוסנת הילה מארק""]"
30654,30654,סיום,פנתהון,סיום,פנתהון,False,"[""פנתהון סיום""]"
30657,30657,גנץ,בנימין,גנץ,בנימין,True,"[""בנימין גנץ""]"
30660,30660,ארבל,משה,ארבל,משה,False,"[""משה ארבל""]"
30662,30662,כהנא,מתן,כהנא,מתן,False,"[""מתן כהנא""]"
30671,30671,טסלר,יעקב,טסלר,יעקב,True,"[""יעקב טסלר""]"
30672,30672,פינדרוס,יצחק,פינדרוס,יצחק,True,"[""יצחק פינדרוס""]"
30677,30677,אשכנזי,גבי,אשכנזי,גבי,False,"[""גבי אשכנזי""]"
30678,30678,ניסנקורן,אבי,ניסנקורן,אבי,False,"[""אבי ניסנקורן""]"
30679,30679,חיימוביץ',מיקי,חיימוביץ',מיקי,False,"[""מיקי חיימוביץ'""]"
30680,30680,הנדל,יועז,הנדל,יועז,False,"[""יועז הנדל""]"
30681,30681,ברביבאי,אורנה,ברביבאי,אורנה,False,"[""אורנה ברביבאי""]"
30682,30682,ביטון,מיכאל מרדכי,ביטון,מיכאל מרדכי,True,"[""מיכאל מרדכי ביטון""]"
30683,30683,טרופר,חילי,טרופר,חילי,True,"[""חילי טרופר""]"
30684,30684,האוזר,צבי,האוזר,צבי,False,"[""צבי האוזר""]"
30685,30685,פרקש הכהן,אורית,פרקש הכהן,אורית,True,"[""אורית פרקש הכהן""]"
30686,30686,כהן,מירב,כהן,מירב,True,"[""מירב כהן""]"
30687,30687,זמיר,אסף,זמיר,אסף,False,"[""אסף זמיר""]"
30688,30688,שי,יזהר,שי,יזהר,False,"[""יזהר שי""]"
30689,30689,ינקלביץ',עומר,ינקלביץ',עומר,False,"[""עומר ינקלביץ'""]"
30690,30690,כמאל מריח,ע'דיר,כמאל מריח,ע'דיר,False,"[""ע'דיר כמאל מריח""]"
30691,30691,בן ברק,רם,בן ברק,רם,True,"[""רם בן ברק""]"
30692,30692,פרומן,אורלי,פרומן,אורלי,False,"[""אורלי פרומן""]"
30693,30693,גינזבורג,איתן,גינזבורג,איתן,True,"[""איתן גינזבורג""]"
30694,30694,שוסטר,אלון,שוסטר,אלון,True,"[""אלון שוסטר""]"
30695,30695,סגלוביץ',יואב,סגלוביץ',יואב,True,"[""יואב סגלוביץ'""]"
30696,30696,שפע,רם,שפע,רם,False,"[""רם שפע""]"
30698,30698,רוסו,טל,רוסו,טל,False,"[""טל רוסו""]"
30700,30700,ברקת,ניר,ברקת,ניר,True,"[""ניר ברקת""]"
30701,30701,כץ,אופיר,כץ,אופיר,True,"[""אופיר כץ""]"
30702,30702,עטייה,חוה אתי,עטייה,חוה אתי,True,"[""חוה אתי עטייה""]"
30703,30703,ברק,קרן,ברק,קרן,False,"[""קרן ברק""]"
30704,30704,קרעי,שלמה,קרעי,שלמה,True,"[""שלמה קרעי""]"
30705,30705,שיר סגמן,מיכל,שיר סגמן,מיכל,True,"[""מיכל שיר סגמן""]"
30706,30706,שטרית,קטי קטרין,שטרית,קטי קטרין,True,"[""קטי קטרין שטרית""]"
30707,30707,מולא,פטין,מולא,פטין,False,"[""פטין מולא""]"
30708,30708,גולן,מאי,גולן,מאי,True,"[""מאי גולן""]"
30709,30709,דיין,עוזי,דיין,עוזי,False,"[""עוזי דיין""]"
30710,30710,קלנר,אריאל,קלנר,אריאל,True,"[""אריאל קלנר""]"
30711,30711,הלוי,עמית,הלוי,עמית,True,"[""עמית הלוי""]"
30713,30713,עבאס,מנסור,עבאס,מנסור,True,"[""מנסור עבאס""]"
30714,30714,שחאדה,אנטאנס,שחאדה,אנטאנס,False,"[""אנטאנס שחאדה""]"
30715,30715,יזבק,היבה,יזבק,היבה,False,"[""היבה יזבק""]"
30716,30716,פרץ,רפי,פרץ,רפי,False,"[""רפי פרץ""]"
30717,30717,סופר,אופיר,סופר,אופיר,True,"[""אופיר סופר""]"
30718,30718,סילמן,עידית,סילמן,עידית,True,"[""עידית סילמן""]"
30719,30719,כסיף,עופר,כסיף,עופר,True,"[""עופר כסיף""]"
30720,30720,להב הרצנו,יוראי,להב הרצנו,יוראי,True,"[""יוראי להב הרצנו""]"
30721,30721,רול,עידן,רול,עידן,False,"[""עידן רול""]"
30722,30722,סובה,יבגני,סובה,יבגני,True,"[""יבגני סובה""]"
30723,30723,אבידר,אלי,אבידר,אלי,False,"[""אלי אבידר""]"
30724,30724,יברקן,דסטה גדי,יברקן,דסטה גדי,False,"[""דסטה גדי יברקן""]"
30741,30741,קושניר,אלכס,קושניר,אלכס,False,"[""אלכס קושניר""]"
30743,30743,גולן,יאיר,גולן,יאיר,False,"[""יאיר גולן""]"
30745,30745,מגן תלם,לימור,מגן תלם,לימור,False,"[""לימור מגן תלם""]"
30746,30746,איפראימוב,מרק,איפראימוב,מרק,False,"[""מרק איפראימוב""]"
30749,30749,אבוטבול,משה,אבוטבול,משה,True,"[""משה אבוטבול""]"
30750,30750,עסאקלה,ג'אבר,עסאקלה,ג'אבר,False,"[""ג'אבר עסאקלה""]"
30751,30751,אבו שחאדה,סמי,אבו שחאדה,סמי,False,"[""סמי אבו שחאדה""]"
30752,30752,טאהא,ווליד,טאהא,ווליד,True,"[""ווליד טאהא""]"
30758,30758,ח'טיב יאסין,אימאן,ח'טיב יאסין,אימאן,True,"[""אימאן ח'טיב יאסין""]"
30759,30759,סאלח,סונדוס,סאלח,סונדוס,False,"[""סונדוס סאלח""]"
30760,30760,קוז'ינוב,אנדרי,קוז'ינוב,אנדרי,False,"[""אנדרי קוז'ינוב""]"
30761,30761,אביטן,יעקב,אביטן,יעקב,False,"[""יעקב אביטן""]"
30762,30762,וונש,מיכל,וונש,מיכל,False,"[""מיכל וונש""]"
30763,30763,קאבלה,עינב,קאבלה,עינב,False,"[""עינב קאבלה""]"
30764,30764,פרידמן,תהלה,פרידמן,תהלה,False,"[""תהלה פרידמן""]"
30765,30765,בוסו,אוריאל,בוסו,אוריאל,True,"[""אוריאל בוסו""]"
30766,30766,שי וזאן,הילה,שי וזאן,הילה,False,"[""הילה שי וזאן""]"
30767,30767,חסיד,אליהו,חסיד,אליהו,False,"[""אליהו חסיד""]"
30768,30768,ברוכי,אליהו,ברוכי,אליהו,False,"[""אליהו ברוכי""]"
30769,30769,בקלש,סמי,בקלש,סמי,False,"[""סמי בקלש""]"
30770,30770,טייב,יוסף,טייב,יוסף,True,"[""יוסף טייב""]"
30771,30771,חסייסי,ראדה,חסייסי,ראדה,True,"[""ראדה חסייסי""]"
30772,30772,ואטורי,ניסים,ואטורי,ניסים,True,"[""ניסים ואטורי""]"
30773,30773,שטרן,שבח,שטרן,שבח,False,"[""שבח שטרן""]"
30774,30774,יוגב,מטי,יוגב,מטי,False,"[""מטי יוגב""]"
30775,30775,רון בן משה,יעל,רון בן משה,יעל,True,"[""יעל רון בן משה""]"
30776,30776,בליאק,ולדימיר,בליאק,ולדימיר,True,"[""ולדימיר בליאק""]"
30777,30777,טור פז,משה,טור פז,משה,True,"[""משה טור פז""]"
30778,30778,וסרמן לנדה,רות,וסרמן לנדה,רות,False,"[""רות וסרמן לנדה""]"
30779,30779,כנפו,ענת,כנפו,ענת,False,"[""ענת כנפו""]"
30780,30780,כץ,רון,כץ,רון,True,"[""רון כץ""]"
30781,30781,שפק,נירה,שפק,נירה,False,"[""נירה שפק""]"
30782,30782,מזרסקי,טטיאנה,מזרסקי,טטיאנה,True,"[""טטיאנה מזרסקי""]"
30783,30783,פרידמן,יסמין,פרידמן,יסמין,True,"[""יסמין פרידמן""]"
30784,30784,בזק,ענבר,בזק,ענבר,False,"[""ענבר בזק""]"
30786,30786,שיקלי,עמיחי,שיקלי,עמיחי,True,"[""עמיחי שיקלי""]"
30787,30787,אורבך,ניר,אורבך,ניר,False,"[""ניר אורבך""]"
30788,30788,קארה,אביר,קארה,אביר,False,"[""אביר קארה""]"
30789,30789,פינטו קדוש,שירלי,פינטו קדוש,שירלי,False,"[""שירלי פינטו קדוש""]"
30791,30791,כלפון,יום טוב חי,כלפון,יום טוב חי,False,"[""יום טוב חי כלפון""]"
30794,30794,שטרקמן,אורנה,שטרקמן,אורנה,False,"[""אורנה שטרקמן""]"
30796,30796,שיין,יוסף,שיין,יוסף,False,"[""יוסף שיין""]"
30797,30797,יצחק-הלוי,מאיר,יצחק-הלוי,מאיר,False,"[""מאיר יצחק-הלוי""]"
30799,30799,בוסקילה,מישל,בוסקילה,מישל,True,"[""מישל בוסקילה""]"
30803,30803,גנאים,מאזן,גנאים,מאזן,False,"[""מאזן גנאים""]"
30804,30804,ביטון,חיים,ביטון,חיים,True,"[""חיים ביטון""]"
30805,30805,רינאוי-זועבי,ג'ידא,רינאוי-זועבי,ג'ידא,False,"[""ג'ידא רינאוי-זועבי""]"
30806,30806,מואטי,אמילי חיה,מואטי,אמילי חיה,False,"[""אמילי חיה מואטי""]"
30807,30807,קריב,גלעד,קריב,גלעד,True,"[""גלעד קריב""]"
30808,30808,רייטן מרום,אפרת,רייטן מרום,אפרת,True,"[""אפרת רייטן מרום""]"
30809,30809,דיסטל אטבריאן,גלית,דיסטל אטבריאן,גלית,True,"[""גלית דיסטל אטבריאן""]"
30810,30810,וולדיגר,מיכל מרים,וולדיגר,מיכל מרים,True,"[""מיכל מרים וולדיגר""]"
30811,30811,בן גביר,איתמר,בן גביר,איתמר,True,"[""איתמר בן גביר""]"
30812,30812,רוטמן,שמחה,רוטמן,שמחה,True,"[""שמחה רוטמן""]"
30813,30813,מראענה,אבתיסאם,מראענה,אבתיסאם,False,"[""אבתיסאם מראענה""]"
30814,30814,מעוז,אבי,מעוז,אבי,True,"[""אבי מעוז""]"
30815,30815,ברדץ' יאלוב,אלינה,ברדץ' יאלוב,אלינה,False,"[""אלינה ברדץ' יאלוב""]"
30816,30816,מרעי,מופיד,מרעי,מופיד,False,"[""מופיד מרעי""]"
30817,30817,טל,אלון,טל,אלון,False,"[""אלון טל""]"
30818,30818,לסקי,גבי,לסקי,גבי,False,"[""גבי לסקי""]"
30819,30819,סגל,גיל,סגל,גיל,False,"[""גיל סגל""]"
30820,30820,דוידסון,סימון,דוידסון,סימון,True,"[""סימון דוידסון""]"
30821,30821,סלאלחה,עלי,סלאלחה,עלי,False,"[""עלי סלאלחה""]"
30823,30823,רופא אופיר,שרון,רופא אופיר,שרון,False,"[""שרון רופא אופיר""]"
30824,30824,חן,יובל,חן,יובל,True,"[""יובל חן""]"
30830,30830,טל,אוהד,טל,אוהד,True,"[""אוהד טל""]"
30831,30831,דלל,אלי,דלל,אלי,True,"[""אלי דלל""]"
30832,30832,רביבו,אליהו,רביבו,אליהו,True,"[""אליהו רביבו""]"
30833,30833,כהן,אלמוג,כהן,אלמוג,True,"[""אלמוג כהן""]"
30835,30835,ביסמוט,בועז,ביסמוט,בועז,True,"[""בועז ביסמוט""]"
30836,30836,איזנקוט,גדי,איזנקוט,גדי,False,"[""גדי איזנקוט""]"
30837,30837,ביטון,דבי,ביטון,דבי,True,"[""דבי ביטון""]"
30839,30839,אילוז,דן,אילוז,דן,True,"[""דן אילוז""]"
30840,30840,אלהואשלה,ואליד,אלהואשלה,ואליד,True,"[""ואליד אלהואשלה""]"
30842,30842,מלביצקי,חנוך דב,מלביצקי,חנוך דב,True,"[""חנוך דב מלביצקי""]"
30843,30843,חוג'יראת,יאסר,חוג'יראת,יאסר,True,"[""יאסר חוג'יראת""]"
30846,30846,גולדקנופ,יצחק,גולדקנופ,יצחק,True,"[""יצחק גולדקנופ""]"
30847,30847,וסרלאוף,יצחק שמעון,וסרלאוף,יצחק שמעון,True,"[""יצחק שמעון וסרלאוף""]"
30849,30849,סון הר מלך,לימור,סון הר מלך,לימור,True,"[""לימור סון הר מלך""]"
30851,30851,צרפתי הרכבי,מטי,צרפתי הרכבי,מטי,True,"[""מטי צרפתי הרכבי""]"
30852,30852,סולומון,משה,סולומון,משה,True,"[""משה סולומון""]"
30853,30853,סעדה,משה,סעדה,משה,True,"[""משה סעדה""]"
30854,30854,שירי,נאור,שירי,נאור,True,"[""נאור שירי""]"
30857,30857,אליהו,עמיחי,אליהו,עמיחי,True,"[""עמיחי אליהו""]"
30859,30859,פוגל,צביקה,פוגל,צביקה,True,"[""צביקה פוגל""]"
30860,30860,גוטליב,טלי,גוטליב,טלי,True,"[""טלי גוטליב""]"
30861,30861,דנינו,שלום,דנינו,שלום,True,"[""שלום דנינו""]"
30863,30863,ניר,שרון,ניר,שרון,True,"[""שרון ניר""]"
30866,30866,דרמר,רון,דרמר,רון,False,"[""רון דרמר""]"
30867,30867,קרויזר,יצחק,קרויזר,יצחק,True,"[""יצחק קרויזר""]"
30868,30868,מישרקי,יונתן,מישרקי,יונתן,True,"[""יונתן מישרקי""]"
30869,30869,אדרי,משה צ'יקו,אדרי,משה צ'יקו,True,"[""משה צ'יקו אדרי""]"
30870,30870,רוט,משה,רוט,משה,False,"[""משה רוט""]"
30871,30871,מירון,שלי טל,מירון,שלי טל,True,"[""שלי טל מירון""]"
30872,30872,מושיאשוילי,סימון,מושיאשוילי,סימון,False,"[""סימון מושיאשוילי""]"
30873,30873,מלול,ארז,מלול,ארז,True,"[""ארז מלול""]"
30874,30874,סוכות,צבי ידידיה,סוכות,צבי ידידיה,True,"[""צבי ידידיה סוכות""]"
30875,30875,מלקו,צגה,מלקו,צגה,True,"[""צגה מלקו""]"
30876,30876,שקלים,אושר,שקלים,אושר,True,"[""אושר שקלים""]"
30877,30877,פסל,משה,פסל,משה,True,"[""משה פסל""]"
30879,30879,גואטה,ששון ששי,גואטה,ששון ששי,True,"[""ששון ששי גואטה""]"
30880,30880,בוארון,אביחי אברהם,בוארון,אביחי אברהם,True,"[""אביחי אברהם בוארון""]"
30881,30881,לוי,ירון,לוי,ירון,True,"[""ירון לוי""]"
30890,30890,אליעזר,אליסף,אליעזר,אליסף,True,"[""אליסף אליעזר""]"
30893,30893,עבד,עפיף,עבד,עפיף,True,"[""עפיף עבד""]"
30894,30894,בן סעיד,סמיר,בן סעיד,סמיר,True,"[""סמיר בן סעיד""]"
30895,30895,עזוז,עדי,עזוז,עדי,True,"[""עדי עזוז""]"
30896,30896,אהרונוביץ',ראובן,אהרונוביץ',ראובן,False,"[""ראובן אהרונוביץ'""]"
30897,30897,וילנסקי,לאה,וילנסקי,לאה,False,"[""לאה וילנסקי""]"
30899,30899,סבירסקי,משה,סבירסקי,משה,False,"[""משה סבירסקי""]"
30900,30900,פינר,לודוויג,פינר,לודוויג,False,"[""לודוויג פינר""]"
30901,30901,ברנזון,צבי,ברנזון,צבי,False,"[""צבי ברנזון""]"
30902,30902,אברמוביץ,זאב,אברמוביץ,זאב,False,"[""זאב אברמוביץ""]"
30903,30903,הופמן,אלעזר,הופמן,אלעזר,False,"[""אלעזר הופמן""]"
30904,30904,בר-שירה,ישראל,בר-שירה,ישראל,False,"[""ישראל בר-שירה""]"
30905,30905,קוגל,חיים,קוגל,חיים,False,"[""חיים קוגל""]"
30906,30906,ארקין,דב,ארקין,דב,False,"[""דב ארקין""]"
30907,30907,מובסוביץ,דוד,מובסוביץ,דוד,False,"[""דוד מובסוביץ""]"
30908,30908,הנמן-שטראוס,לוסה,הנמן-שטראוס,לוסה,False,"[""לוסה הנמן-שטראוס""]"
30909,30909,כהן,אליעזר,כהן,אליעזר,False,"[""אליעזר כהן""]"
30910,30910,מגיד,משה דב,מגיד,משה דב,False,"[""משה דב מגיד""]"
30911,30911,קורלנד,יצחק,קורלנד,יצחק,False,"[""יצחק קורלנד""]"
30912,30912,זכאי,שלום,זכאי,שלום,False,"[""שלום זכאי""]"
30913,30913,כהנא,שמואל זנוויל,כהנא,שמואל זנוויל,False,"[""שמואל זנוויל כהנא""]"
30914,30914,סקורטובסקי,משה,סקורטובסקי,משה,False,"[""משה סקורטובסקי""]"
30916,30916,חיים,עוז,חיים,עוז,True,"[""עוז חיים""]"
